"provider_league_id","league_name","country","season","is_current","start_date","end_date"
"183","African Championship","Africa","2026","False","2026-01-21","2026-01-31"
"183","African Championship","Africa","2022","False","2022-07-11","2022-07-18"
"183","African Championship","Africa","2024","False","2024-01-17","2024-01-27"
"183","African Championship","Africa","2020","False","2020-01-16","2020-01-26"
"183","African Championship","Africa","2018","False","2018-01-17","2018-01-27"
"183","African Championship","Africa","2016","False","2016-01-21","2016-01-30"
"184","African Championship Women","Africa","2024","False","2024-11-27","2024-12-07"
"184","African Championship Women","Africa","2022","False","2022-11-09","2022-11-19"
"184","African Championship Women","Africa","2021","False","2021-06-08","2021-06-18"
"184","African Championship Women","Africa","2018","False","2018-12-02","2018-12-12"
"198","African Games","Africa","2024","False","2024-03-13","2024-03-22"
"199","African Games Women","Africa","2024","False","2024-03-14","2024-03-22"
"186","Asian Championship","Asia","2014","False","2014-01-25","2014-02-06"
"186","Asian Championship","Asia","2016","False","2016-01-15","2016-01-28"
"186","Asian Championship","Asia","2018","False","2018-01-18","2018-01-28"
"186","Asian Championship","Asia","2024","False","2024-01-11","2024-01-25"
"186","Asian Championship","Asia","2020","False","2020-01-16","2020-01-27"
"186","Asian Championship","Asia","2022","False","2022-01-18","2022-01-31"
"186","Asian Championship","Asia","2026","False","2026-01-15","2026-01-29"
"185","Asian Championship Women","Asia","2024","False","2024-12-03","2024-12-10"
"185","Asian Championship Women","Asia","2012","False","2012-12-07","2012-12-16"
"185","Asian Championship Women","Asia","2015","False","2015-03-14","2015-03-23"
"185","Asian Championship Women","Asia","2017","False","2017-03-13","2017-03-22"
"185","Asian Championship Women","Asia","2022","False","2022-11-24","2022-12-04"
"185","Asian Championship Women","Asia","2021","False","2021-09-15","2021-09-25"
"185","Asian Championship Women","Asia","2018","False","2018-11-30","2018-12-09"
"187","Asian Games","Asia","2023","False","2023-09-24","2023-10-05"
"187","Asian Games","Asia","2014","False","2014-09-20","2014-10-02"
"187","Asian Games","Asia","2018","False","2018-08-13","2018-08-31"
"187","Asian Games","Asia","2026","False","2026-09-19","2026-09-28"
"188","Asian Games Women","Asia","2026","False","2026-09-19","2026-09-27"
"188","Asian Games Women","Asia","2023","False","2023-09-24","2023-10-05"
"188","Asian Games Women","Asia","2018","False","2018-08-14","2018-08-30"
"188","Asian Games Women","Asia","2014","False","2014-09-20","2014-10-01"
"2","HLA","Austria","2021","False","2021-09-03","2022-06-04"
"2","HLA","Austria","2018","False","2018-08-29","2019-06-01"
"2","HLA","Austria","2024","False","2024-08-30","2025-06-06"
"2","HLA","Austria","2023","False","2023-09-01","2024-06-05"
"2","HLA","Austria","2017","False","2017-08-30","2018-05-29"
"2","HLA","Austria","2016","False","2016-09-02","2017-05-28"
"2","HLA","Austria","2015","False","2015-08-28","2016-05-27"
"2","HLA","Austria","2014","False","2014-08-30","2015-05-26"
"2","HLA","Austria","2013","False","2013-08-31","2014-05-30"
"2","HLA","Austria","2022","False","2022-09-02","2023-06-07"
"2","HLA","Austria","2012","False","2012-08-31","2013-05-30"
"2","HLA","Austria","2011","False","2011-08-31","2012-06-01"
"2","HLA","Austria","2008","False","2008-08-30","2009-05-29"
"2","HLA","Austria","2009","False","2009-08-29","2010-05-31"
"2","HLA","Austria","2010","False","2010-09-04","2011-06-03"
"2","HLA","Austria","2025","False","2025-09-03","2026-06-06"
"2","HLA","Austria","2026","True","2026-09-04","2027-03-27"
"3","OHB Cup","Austria","2025","False","2025-11-16","2026-04-25"
"3","OHB Cup","Austria","2024","False","2024-12-08","2025-04-19"
"3","OHB Cup","Austria","2022","False","2022-12-04","2023-04-22"
"3","OHB Cup","Austria","2021","False","2021-02-02","2022-05-07"
"3","OHB Cup","Austria","2023","False","2023-11-10","2024-04-20"
"3","OHB Cup","Austria","2011","False","2011-11-23","2012-04-14"
"3","OHB Cup","Austria","2012","False","2012-10-16","2013-04-14"
"3","OHB Cup","Austria","2013","False","2013-11-17","2014-03-22"
"3","OHB Cup","Austria","2014","False","2014-10-19","2015-03-28"
"3","OHB Cup","Austria","2018","False","2018-10-14","2019-04-20"
"3","OHB Cup","Austria","2017","False","2017-10-17","2018-03-31"
"3","OHB Cup","Austria","2016","False","2016-11-11","2017-04-15"
"3","OHB Cup","Austria","2015","False","2015-10-20","2016-04-24"
"4","OHB Cup Women","Austria","2015","False","2015-11-01","2016-04-24"
"4","OHB Cup Women","Austria","2016","False","2016-10-16","2017-04-15"
"4","OHB Cup Women","Austria","2017","False","2017-11-05","2018-03-31"
"4","OHB Cup Women","Austria","2018","False","2018-10-14","2019-04-20"
"4","OHB Cup Women","Austria","2014","False","2014-11-29","2015-03-28"
"4","OHB Cup Women","Austria","2021","False","2021-01-24","2022-05-07"
"4","OHB Cup Women","Austria","2012","False","2012-11-01","2013-04-14"
"4","OHB Cup Women","Austria","2023","False","2023-10-07","2024-04-20"
"4","OHB Cup Women","Austria","2024","False","2024-10-12","2025-04-19"
"4","OHB Cup Women","Austria","2022","False","2022-11-06","2023-04-22"
"4","OHB Cup Women","Austria","2013","False","2013-11-05","2014-03-22"
"4","OHB Cup Women","Austria","2025","False","2025-11-14","2026-04-25"
"5","Supercup","Austria","2025","False","2025-08-30","2025-08-30"
"5","Supercup","Austria","2026","False","2026-08-29","2026-08-29"
"5","Supercup","Austria","2014","False","2014-08-23","2014-08-23"
"5","Supercup","Austria","2015","False","2015-08-22","2015-08-22"
"5","Supercup","Austria","2016","False","2016-08-27","2016-08-27"
"5","Supercup","Austria","2017","False","2017-08-26","2017-08-26"
"5","Supercup","Austria","2018","False","2018-08-23","2018-08-23"
"5","Supercup","Austria","2013","False","2013-08-24","2013-08-24"
"5","Supercup","Austria","2012","False","2012-08-25","2012-08-25"
"5","Supercup","Austria","2023","False","2023-08-27","2023-08-27"
"5","Supercup","Austria","2022","False","2022-08-27","2022-08-27"
"5","Supercup","Austria","2024","False","2024-08-24","2024-08-24"
"5","Supercup","Austria","2021","False","2021-09-01","2021-09-01"
"5","Supercup","Austria","2020","False","2020-09-02","2020-09-02"
"1","WHA Women","Austria","2021","False","2021-09-11","2022-05-25"
"1","WHA Women","Austria","2011","False","2011-09-10","2012-05-19"
"1","WHA Women","Austria","2017","False","2017-09-09","2018-05-20"
"1","WHA Women","Austria","2016","False","2016-09-10","2017-05-27"
"1","WHA Women","Austria","2015","False","2015-09-12","2016-05-21"
"1","WHA Women","Austria","2025","False","2025-09-06","2026-05-31"
"1","WHA Women","Austria","2014","False","2014-09-06","2015-05-16"
"1","WHA Women","Austria","2013","False","2013-09-06","2014-05-15"
"1","WHA Women","Austria","2012","False","2012-09-08","2013-05-15"
"1","WHA Women","Austria","2023","False","2023-09-02","2024-05-24"
"1","WHA Women","Austria","2018","False","2018-09-08","2019-05-19"
"1","WHA Women","Austria","2010","False","2010-09-10","2011-05-08"
"1","WHA Women","Austria","2022","False","2022-09-03","2023-05-24"
"1","WHA Women","Austria","2024","False","2024-09-07","2025-05-25"
"1","WHA Women","Austria","2026","True","2026-09-05","2027-05-06"
"6","Division 1","Belarus","2026","True","2026-09-02","2026-12-19"
"6","Division 1","Belarus","2025","False","2025-08-27","2026-06-06"
"6","Division 1","Belarus","2021","False","2021-08-25","2022-05-21"
"6","Division 1","Belarus","2023","False","2023-09-02","2024-05-05"
"6","Division 1","Belarus","2024","False","2024-08-28","2025-05-31"
"6","Division 1","Belarus","2022","False","2022-09-03","2023-06-03"
"7","Division 1","Belgium","2024","False","2024-09-07","2025-06-14"
"7","Division 1","Belgium","2018","False","2018-09-15","2019-05-18"
"7","Division 1","Belgium","2023","False","2023-09-02","2024-05-25"
"7","Division 1","Belgium","2017","False","2017-09-09","2018-06-02"
"7","Division 1","Belgium","2022","False","2022-09-03","2023-05-27"
"7","Division 1","Belgium","2016","False","2016-09-03","2017-05-27"
"7","Division 1","Belgium","2015","False","2015-09-12","2016-05-28"
"7","Division 1","Belgium","2021","False","2021-09-18","2022-05-28"
"7","Division 1","Belgium","2014","False","2014-09-13","2015-05-30"
"7","Division 1","Belgium","2025","False","2025-08-30","2026-05-10"
"7","Division 1","Belgium","2013","False","2013-09-03","2014-05-31"
"7","Division 1","Belgium","2026","True","2026-09-05","2027-03-20"
"8","Premijer Liga","Bosnia-And-Herzegovina","2025","False","2025-10-08","2026-05-19"
"8","Premijer Liga","Bosnia-And-Herzegovina","2020","False","2020-10-07","2021-05-22"
"8","Premijer Liga","Bosnia-And-Herzegovina","2023","False","2023-10-06","2024-05-18"
"8","Premijer Liga","Bosnia-And-Herzegovina","2014","False","2014-09-05","2015-05-16"
"8","Premijer Liga","Bosnia-And-Herzegovina","2015","False","2015-09-11","2016-05-21"
"8","Premijer Liga","Bosnia-And-Herzegovina","2016","False","2016-09-09","2017-05-27"
"8","Premijer Liga","Bosnia-And-Herzegovina","2017","False","2017-09-23","2018-05-19"
"8","Premijer Liga","Bosnia-And-Herzegovina","2018","False","2018-10-10","2019-05-22"
"8","Premijer Liga","Bosnia-And-Herzegovina","2021","False","2021-09-18","2022-05-21"
"8","Premijer Liga","Bosnia-And-Herzegovina","2022","False","2022-09-09","2023-05-20"
"8","Premijer Liga","Bosnia-And-Herzegovina","2024","False","2024-09-14","2025-05-17"
"9","A RHG","Bulgaria","2020","False","2020-09-19","2021-05-09"
"9","A RHG","Bulgaria","2016","False","2016-09-18","2017-05-20"
"9","A RHG","Bulgaria","2021","False","2021-09-18","2022-05-15"
"9","A RHG","Bulgaria","2017","False","2017-09-24","2018-06-09"
"9","A RHG","Bulgaria","2018","False","2018-09-22","2019-05-12"
"9","A RHG","Bulgaria","2024","False","2024-09-28","2025-05-31"
"9","A RHG","Bulgaria","2022","False","2022-09-17","2023-04-14"
"9","A RHG","Bulgaria","2023","False","2023-09-23","2024-05-25"
"9","A RHG","Bulgaria","2026","True","2026-09-26","2026-12-05"
"9","A RHG","Bulgaria","2025","False","2025-09-27","2026-05-17"
"11","1. HRL Women","Croatia","2026","True","2026-09-08","2027-05-08"
"11","1. HRL Women","Croatia","2025","False","2025-09-09","2026-05-17"
"11","1. HRL Women","Croatia","2021","False","2021-09-14","2022-05-28"
"11","1. HRL Women","Croatia","2018","False","2018-09-15","2019-05-11"
"11","1. HRL Women","Croatia","2024","False","2024-09-07","2025-05-25"
"11","1. HRL Women","Croatia","2023","False","2023-09-08","2024-05-18"
"11","1. HRL Women","Croatia","2022","False","2022-09-04","2023-05-20"
"10","Premijer liga","Croatia","2012","False","2012-09-08","2013-06-02"
"10","Premijer liga","Croatia","2015","False","2015-09-05","2016-06-01"
"10","Premijer liga","Croatia","2024","False","2024-09-05","2025-05-28"
"10","Premijer liga","Croatia","2014","False","2014-09-06","2015-05-30"
"10","Premijer liga","Croatia","2013","False","2013-09-07","2014-06-01"
"10","Premijer liga","Croatia","2011","False","2011-09-17","2012-05-26"
"10","Premijer liga","Croatia","2009","False","2009-09-10","2010-09-12"
"10","Premijer liga","Croatia","2022","False","2022-09-09","2023-05-20"
"10","Premijer liga","Croatia","2021","False","2021-09-10","2022-06-04"
"10","Premijer liga","Croatia","2010","False","2010-09-03","2011-05-29"
"10","Premijer liga","Croatia","2023","False","2023-09-08","2024-05-26"
"10","Premijer liga","Croatia","2016","False","2016-09-24","2017-06-04"
"10","Premijer liga","Croatia","2017","False","2017-09-23","2018-06-02"
"10","Premijer liga","Croatia","2018","False","2018-09-22","2019-06-02"
"10","Premijer liga","Croatia","2026","True","2026-09-13","2026-12-19"
"10","Premijer liga","Croatia","2025","False","2025-09-05","2026-05-03"
"13","Czech Cup","Czech-Republic","2026","False","2026-10-07","2026-10-08"
"13","Czech Cup","Czech-Republic","2025","False","2025-09-30","2026-02-28"
"13","Czech Cup","Czech-Republic","2023","False","2023-09-27","2024-03-06"
"13","Czech Cup","Czech-Republic","2022","False","2022-09-27","2023-03-15"
"13","Czech Cup","Czech-Republic","2017","False","2017-12-06","2018-01-28"
"13","Czech Cup","Czech-Republic","2021","False","2021-10-06","2022-02-23"
"13","Czech Cup","Czech-Republic","2024","False","2024-10-08","2025-03-02"
"13","Czech Cup","Czech-Republic","2018","False","2018-10-12","2018-10-21"
"14","Czech Cup Women","Czech-Republic","2024","False","2024-08-30","2025-03-02"
"14","Czech Cup Women","Czech-Republic","2023","False","2023-09-27","2024-03-06"
"14","Czech Cup Women","Czech-Republic","2022","False","2022-09-14","2023-03-15"
"14","Czech Cup Women","Czech-Republic","2021","False","2021-10-27","2022-02-23"
"14","Czech Cup Women","Czech-Republic","2019","False","2019-12-20","2020-08-23"
"14","Czech Cup Women","Czech-Republic","2026","True","2026-09-08","2026-10-13"
"14","Czech Cup Women","Czech-Republic","2025","False","2025-09-24","2026-02-28"
"12","Extraliga","Czech-Republic","2026","True","2026-09-02","2027-03-07"
"12","Extraliga","Czech-Republic","2023","False","2023-08-31","2024-05-25"
"12","Extraliga","Czech-Republic","2013","False","2013-09-04","2014-05-25"
"12","Extraliga","Czech-Republic","2024","False","2024-09-03","2025-06-01"
"12","Extraliga","Czech-Republic","2018","False","2018-09-07","2019-05-22"
"12","Extraliga","Czech-Republic","2017","False","2017-09-09","2018-05-23"
"12","Extraliga","Czech-Republic","2016","False","2016-08-31","2017-05-21"
"12","Extraliga","Czech-Republic","2015","False","2015-09-05","2016-05-29"
"12","Extraliga","Czech-Republic","2021","False","2021-09-04","2022-05-29"
"12","Extraliga","Czech-Republic","2025","False","2025-09-06","2026-05-30"
"12","Extraliga","Czech-Republic","2022","False","2022-09-03","2023-05-21"
"12","Extraliga","Czech-Republic","2008","False","2008-09-07","2009-05-17"
"12","Extraliga","Czech-Republic","2009","False","2009-08-29","2010-05-09"
"12","Extraliga","Czech-Republic","2010","False","2010-09-11","2011-06-05"
"12","Extraliga","Czech-Republic","2011","False","2011-09-10","2012-05-27"
"12","Extraliga","Czech-Republic","2012","False","2012-09-08","2013-06-08"
"12","Extraliga","Czech-Republic","2014","False","2014-09-03","2015-05-17"
"15","1. Division","Denmark","2024","False","2024-09-06","2025-04-12"
"15","1. Division","Denmark","2018","False","2018-09-05","2019-04-28"
"15","1. Division","Denmark","2017","False","2017-09-08","2018-05-05"
"15","1. Division","Denmark","2015","False","2015-09-04","2016-05-08"
"15","1. Division","Denmark","2021","False","2021-09-03","2022-05-07"
"15","1. Division","Denmark","2023","False","2023-08-31","2024-03-28"
"15","1. Division","Denmark","2022","False","2022-09-02","2023-04-08"
"15","1. Division","Denmark","2025","False","2025-08-29","2026-03-29"
"15","1. Division","Denmark","2010","False","2010-09-10","2011-05-17"
"15","1. Division","Denmark","2011","False","2011-09-09","2012-03-25"
"15","1. Division","Denmark","2012","False","2012-09-02","2013-03-24"
"15","1. Division","Denmark","2013","False","2013-09-06","2014-05-03"
"15","1. Division","Denmark","2014","False","2014-09-06","2015-04-25"
"15","1. Division","Denmark","2026","True","2026-08-29","2027-04-10"
"16","1. Division Women","Denmark","2026","True","2026-08-28","2027-03-25"
"16","1. Division Women","Denmark","2021","False","2021-09-11","2022-05-05"
"16","1. Division Women","Denmark","2016","False","2016-09-17","2017-04-29"
"16","1. Division Women","Denmark","2025","False","2025-09-05","2026-03-29"
"16","1. Division Women","Denmark","2017","False","2017-09-08","2018-05-12"
"16","1. Division Women","Denmark","2018","False","2018-09-14","2019-05-01"
"16","1. Division Women","Denmark","2015","False","2015-09-11","2016-05-08"
"16","1. Division Women","Denmark","2024","False","2024-09-13","2025-04-05"
"16","1. Division Women","Denmark","2010","False","2010-09-11","2011-03-20"
"16","1. Division Women","Denmark","2022","False","2022-09-08","2023-04-01"
"16","1. Division Women","Denmark","2011","False","2011-09-03","2012-03-18"
"16","1. Division Women","Denmark","2012","False","2012-09-07","2013-03-17"
"16","1. Division Women","Denmark","2023","False","2023-09-14","2024-03-23"
"16","1. Division Women","Denmark","2013","False","2013-09-14","2014-05-04"
"16","1. Division Women","Denmark","2014","False","2014-09-04","2015-04-26"
"21","888ligaen","Denmark","2011","False","2011-09-03","2012-06-02"
"21","888ligaen","Denmark","2009","False","2009-09-02","2010-05-29"
"21","888ligaen","Denmark","2015","False","2015-08-28","2016-05-28"
"21","888ligaen","Denmark","2016","False","2016-09-13","2017-05-28"
"21","888ligaen","Denmark","2017","False","2017-08-31","2018-05-31"
"21","888ligaen","Denmark","2008","False","2008-09-06","2009-06-01"
"21","888ligaen","Denmark","2010","False","2010-09-04","2011-05-24"
"21","888ligaen","Denmark","2012","False","2012-09-05","2013-05-26"
"21","888ligaen","Denmark","2013","False","2013-08-30","2014-05-16"
"21","888ligaen","Denmark","2014","False","2014-08-30","2015-05-31"
"25","Bambusa Kvindeligaen Women","Denmark","2024","False","2024-09-04","2025-06-12"
"25","Bambusa Kvindeligaen Women","Denmark","2021","False","2021-08-31","2022-05-31"
"25","Bambusa Kvindeligaen Women","Denmark","2025","False","2025-08-28","2026-06-02"
"25","Bambusa Kvindeligaen Women","Denmark","2023","False","2023-09-01","2024-05-25"
"25","Bambusa Kvindeligaen Women","Denmark","2022","False","2022-08-30","2023-06-08"
"25","Bambusa Kvindeligaen Women","Denmark","2026","True","2026-08-26","2027-03-17"
"23","Herre Handbold Ligaen","Denmark","2026","True","2026-08-25","2027-03-20"
"23","Herre Handbold Ligaen","Denmark","2024","False","2024-09-03","2025-06-11"
"23","Herre Handbold Ligaen","Denmark","2025","False","2025-08-27","2026-06-04"
"23","Herre Handbold Ligaen","Denmark","2021","False","2021-09-01","2022-06-15"
"23","Herre Handbold Ligaen","Denmark","2022","False","2022-08-31","2023-06-10"
"23","Herre Handbold Ligaen","Denmark","2023","False","2023-09-01","2024-06-01"
"23","Herre Handbold Ligaen","Denmark","2018","False","2018-08-31","2019-05-26"
"24","HTH Ligaen Women","Denmark","2008","False","2008-09-03","2009-06-01"
"24","HTH Ligaen Women","Denmark","2009","False","2009-09-02","2010-05-23"
"24","HTH Ligaen Women","Denmark","2010","False","2010-09-04","2011-05-28"
"24","HTH Ligaen Women","Denmark","2011","False","2011-09-03","2012-05-19"
"24","HTH Ligaen Women","Denmark","2012","False","2012-09-05","2013-05-24"
"24","HTH Ligaen Women","Denmark","2013","False","2013-09-06","2014-05-21"
"24","HTH Ligaen Women","Denmark","2019","False","2019-08-29","2020-03-10"
"24","HTH Ligaen Women","Denmark","2014","False","2014-09-02","2015-05-23"
"24","HTH Ligaen Women","Denmark","2018","False","2018-08-28","2019-05-24"
"24","HTH Ligaen Women","Denmark","2015","False","2015-09-01","2016-05-11"
"24","HTH Ligaen Women","Denmark","2016","False","2016-09-15","2017-05-27"
"24","HTH Ligaen Women","Denmark","2017","False","2017-09-01","2018-05-27"
"19","Santander Cup","Denmark","2018","False","2018-08-21","2019-03-17"
"19","Santander Cup","Denmark","2017","False","2017-08-23","2018-02-04"
"19","Santander Cup","Denmark","2016","False","2016-09-09","2017-02-05"
"19","Santander Cup","Denmark","2015","False","2015-08-25","2016-02-07"
"19","Santander Cup","Denmark","2023","False","2023-08-24","2024-02-18"
"19","Santander Cup","Denmark","2024","False","2024-08-28","2025-02-16"
"19","Santander Cup","Denmark","2022","False","2022-08-23","2023-02-19"
"19","Santander Cup","Denmark","2014","False","2014-08-27","2015-03-29"
"19","Santander Cup","Denmark","2012","False","2012-08-28","2013-02-03"
"19","Santander Cup","Denmark","2013","False","2013-08-28","2014-03-09"
"19","Santander Cup","Denmark","2010","False","2010-08-25","2010-12-28"
"19","Santander Cup","Denmark","2011","False","2011-08-30","2012-02-05"
"19","Santander Cup","Denmark","2021","False","2021-08-25","2022-03-27"
"19","Santander Cup","Denmark","2025","False","2025-09-23","2025-10-05"
"20","Santander Cup Women","Denmark","2025","False","2025-10-07","2025-10-12"
"20","Santander Cup Women","Denmark","2015","False","2015-08-24","2015-12-27"
"20","Santander Cup Women","Denmark","2022","False","2022-08-23","2023-04-02"
"20","Santander Cup Women","Denmark","2021","False","2021-08-19","2022-02-27"
"20","Santander Cup Women","Denmark","2016","False","2016-09-01","2016-12-30"
"20","Santander Cup Women","Denmark","2017","False","2017-08-23","2017-12-30"
"20","Santander Cup Women","Denmark","2024","False","2024-08-28","2024-12-29"
"20","Santander Cup Women","Denmark","2013","False","2013-08-31","2013-12-28"
"20","Santander Cup Women","Denmark","2012","False","2012-08-21","2012-12-29"
"20","Santander Cup Women","Denmark","2018","False","2018-08-14","2018-12-30"
"20","Santander Cup Women","Denmark","2014","False","2014-08-29","2014-12-27"
"20","Santander Cup Women","Denmark","2023","False","2023-08-23","2023-12-30"
"20","Santander Cup Women","Denmark","2011","False","2011-08-13","2012-01-07"
"20","Santander Cup Women","Denmark","2010","False","2010-08-25","2010-12-28"
"17","Super Cup","Denmark","2014","False","2014-08-22","2014-08-22"
"17","Super Cup","Denmark","2018","False","2018-08-26","2018-08-26"
"17","Super Cup","Denmark","2021","False","2021-08-25","2021-08-25"
"17","Super Cup","Denmark","2025","False","2025-08-24","2025-08-24"
"17","Super Cup","Denmark","2017","False","2017-08-29","2017-08-29"
"17","Super Cup","Denmark","2016","False","2016-09-06","2016-09-06"
"17","Super Cup","Denmark","2024","False","2024-08-28","2024-08-28"
"17","Super Cup","Denmark","2015","False","2015-08-20","2015-08-20"
"17","Super Cup","Denmark","2013","False","2013-08-23","2013-08-23"
"17","Super Cup","Denmark","2022","False","2022-08-23","2022-08-23"
"17","Super Cup","Denmark","2023","False","2023-08-30","2023-08-30"
"17","Super Cup","Denmark","2012","False","2012-08-28","2012-08-28"
"17","Super Cup","Denmark","2026","False","2026-08-23","2026-08-23"
"18","Super Cup Women","Denmark","2026","False","2026-08-23","2026-08-23"
"18","Super Cup Women","Denmark","2013","False","2013-08-27","2013-08-27"
"18","Super Cup Women","Denmark","2012","False","2012-08-29","2012-08-29"
"18","Super Cup Women","Denmark","2023","False","2023-08-30","2023-08-30"
"18","Super Cup Women","Denmark","2015","False","2015-08-20","2015-08-20"
"18","Super Cup Women","Denmark","2016","False","2016-09-06","2016-09-06"
"18","Super Cup Women","Denmark","2022","False","2022-08-23","2022-08-23"
"18","Super Cup Women","Denmark","2025","False","2025-08-24","2025-08-24"
"18","Super Cup Women","Denmark","2017","False","2017-08-29","2017-08-29"
"18","Super Cup Women","Denmark","2018","False","2018-08-26","2018-08-26"
"18","Super Cup Women","Denmark","2014","False","2014-08-22","2014-08-22"
"18","Super Cup Women","Denmark","2024","False","2024-08-28","2024-08-28"
"18","Super Cup Women","Denmark","2021","False","2021-08-25","2021-08-25"
"26","Meistriliiga","Estonia","2020","False","2020-09-16","2021-05-13"
"26","Meistriliiga","Estonia","2016","False","2016-09-07","2017-05-17"
"26","Meistriliiga","Estonia","2024","False","2024-09-11","2025-05-22"
"26","Meistriliiga","Estonia","2017","False","2017-09-12","2018-05-13"
"26","Meistriliiga","Estonia","2015","False","2015-09-09","2016-05-10"
"26","Meistriliiga","Estonia","2011","False","2011-09-13","2012-05-16"
"26","Meistriliiga","Estonia","2013","False","2013-09-18","2014-05-11"
"26","Meistriliiga","Estonia","2012","False","2012-09-11","2013-05-14"
"26","Meistriliiga","Estonia","2014","False","2014-09-17","2015-05-17"
"26","Meistriliiga","Estonia","2021","False","2021-09-15","2022-05-19"
"26","Meistriliiga","Estonia","2023","False","2023-09-06","2024-05-01"
"26","Meistriliiga","Estonia","2022","False","2022-09-06","2023-05-21"
"26","Meistriliiga","Estonia","2018","False","2018-09-12","2019-05-22"
"26","Meistriliiga","Estonia","2025","False","2025-09-10","2026-05-08"
"26","Meistriliiga","Estonia","2026","True","2026-09-08","2027-03-31"
"135","Baltic League","Europe","2025","False","2025-09-20","2026-04-12"
"135","Baltic League","Europe","2026","True","2026-09-26","2027-02-28"
"135","Baltic League","Europe","2013","False","2013-09-21","2014-04-13"
"135","Baltic League","Europe","2016","False","2016-10-01","2017-04-09"
"135","Baltic League","Europe","2017","False","2017-09-16","2018-04-15"
"135","Baltic League","Europe","2018","False","2018-09-16","2019-04-21"
"135","Baltic League","Europe","2021","False","2021-09-04","2022-04-24"
"135","Baltic League","Europe","2024","False","2024-09-07","2025-04-13"
"135","Baltic League","Europe","2015","False","2015-09-26","2016-04-17"
"135","Baltic League","Europe","2014","False","2014-09-20","2015-04-12"
"135","Baltic League","Europe","2023","False","2023-09-23","2024-04-14"
"135","Baltic League","Europe","2022","False","2022-09-24","2023-04-16"
"135","Baltic League","Europe","2012","False","2012-09-22","2013-04-14"
"138","BENE-League","Europe","2016","False","2016-08-30","2017-02-26"
"138","BENE-League","Europe","2022","False","2022-09-03","2023-03-18"
"138","BENE-League","Europe","2017","False","2017-09-09","2018-03-18"
"138","BENE-League","Europe","2018","False","2018-09-15","2019-03-31"
"138","BENE-League","Europe","2021","False","2021-09-04","2022-03-27"
"138","BENE-League","Europe","2023","False","2023-09-02","2024-04-06"
"138","BENE-League","Europe","2024","False","2024-09-07","2025-03-22"
"138","BENE-League","Europe","2014","False","2014-09-10","2015-02-08"
"138","BENE-League","Europe","2015","False","2015-09-05","2016-02-07"
"175","Challenge Cup","Europe","2010","False","2010-10-01","2011-05-22"
"175","Challenge Cup","Europe","2011","False","2011-09-30","2012-05-28"
"175","Challenge Cup","Europe","2012","False","2012-10-12","2013-05-25"
"175","Challenge Cup","Europe","2013","False","2013-11-23","2014-05-25"
"175","Challenge Cup","Europe","2014","False","2014-11-21","2015-05-24"
"175","Challenge Cup","Europe","2015","False","2015-10-10","2016-05-21"
"175","Challenge Cup","Europe","2019","False","2019-10-05","2020-03-29"
"175","Challenge Cup","Europe","2017","False","2017-10-06","2018-05-20"
"175","Challenge Cup","Europe","2018","False","2018-10-05","2019-05-18"
"175","Challenge Cup","Europe","2016","False","2016-11-18","2017-05-27"
"176","Challenge Cup Women","Europe","2013","False","2013-11-08","2014-05-11"
"176","Challenge Cup Women","Europe","2012","False","2012-10-12","2013-05-12"
"176","Challenge Cup Women","Europe","2014","False","2014-11-14","2015-05-10"
"176","Challenge Cup Women","Europe","2015","False","2015-11-13","2016-05-07"
"176","Challenge Cup Women","Europe","2016","False","2016-10-15","2017-05-13"
"176","Challenge Cup Women","Europe","2017","False","2017-10-14","2018-05-13"
"176","Challenge Cup Women","Europe","2018","False","2018-11-09","2019-05-12"
"176","Challenge Cup Women","Europe","2019","False","2019-11-08","2020-04-11"
"176","Challenge Cup Women","Europe","2011","False","2011-09-30","2012-05-12"
"176","Challenge Cup Women","Europe","2010","False","2010-10-15","2011-05-15"
"131","Champions League","Europe","2024","False","2024-09-11","2025-06-15"
"131","Champions League","Europe","2010","False","2010-09-03","2011-05-29"
"131","Champions League","Europe","2022","False","2022-09-14","2023-06-18"
"131","Champions League","Europe","2011","False","2011-09-03","2012-05-27"
"131","Champions League","Europe","2016","False","2016-09-03","2017-06-04"
"131","Champions League","Europe","2017","False","2017-09-02","2018-05-27"
"131","Champions League","Europe","2018","False","2018-09-12","2019-06-01"
"131","Champions League","Europe","2012","False","2012-09-08","2013-06-02"
"131","Champions League","Europe","2013","False","2013-08-21","2014-06-01"
"131","Champions League","Europe","2021","False","2021-09-15","2022-06-19"
"131","Champions League","Europe","2023","False","2023-09-13","2024-06-09"
"131","Champions League","Europe","2025","False","2025-09-10","2026-06-14"
"131","Champions League","Europe","2014","False","2014-09-05","2015-05-31"
"131","Champions League","Europe","2015","False","2015-09-05","2016-05-29"
"131","Champions League","Europe","2026","True","2026-09-09","2026-10-29"
"132","Champions League Women","Europe","2026","True","2026-09-05","2027-02-20"
"132","Champions League Women","Europe","2010","False","2010-09-03","2011-05-14"
"132","Champions League Women","Europe","2011","False","2011-09-02","2012-05-13"
"132","Champions League Women","Europe","2012","False","2012-09-19","2013-05-11"
"132","Champions League Women","Europe","2013","False","2013-08-31","2014-05-04"
"132","Champions League Women","Europe","2014","False","2014-09-20","2015-05-10"
"132","Champions League Women","Europe","2015","False","2015-09-12","2016-05-08"
"132","Champions League Women","Europe","2023","False","2023-09-09","2024-06-02"
"132","Champions League Women","Europe","2025","False","2025-09-06","2026-06-07"
"132","Champions League Women","Europe","2021","False","2021-09-11","2022-06-05"
"132","Champions League Women","Europe","2018","False","2018-09-08","2019-05-12"
"132","Champions League Women","Europe","2017","False","2017-09-09","2018-05-13"
"132","Champions League Women","Europe","2016","False","2016-09-09","2017-05-07"
"132","Champions League Women","Europe","2024","False","2024-09-07","2025-06-01"
"132","Champions League Women","Europe","2022","False","2022-09-10","2023-06-04"
"182","Czech-Slovak Cup","Europe","2015","False","2015-08-28","2015-08-29"
"182","Czech-Slovak Cup","Europe","2016","False","2016-08-28","2016-08-29"
"182","Czech-Slovak Cup","Europe","2017","False","2017-08-26","2017-08-27"
"182","Czech-Slovak Cup","Europe","2018","False","2018-08-25","2018-08-26"
"180","EHF Challenge Trophy Women","Europe","2018","False","2018-05-29","2018-06-03"
"180","EHF Challenge Trophy Women","Europe","2016","False","2016-03-08","2016-03-13"
"179","EHF Cup","Europe","2010","False","2010-09-03","2011-05-21"
"179","EHF Cup","Europe","2011","False","2011-09-03","2012-05-24"
"179","EHF Cup","Europe","2012","False","2012-09-08","2013-05-19"
"179","EHF Cup","Europe","2013","False","2013-09-07","2014-05-18"
"179","EHF Cup","Europe","2014","False","2014-09-05","2015-05-17"
"179","EHF Cup","Europe","2015","False","2015-09-05","2016-05-15"
"179","EHF Cup","Europe","2016","False","2016-09-02","2017-05-21"
"179","EHF Cup","Europe","2017","False","2017-09-01","2018-05-20"
"179","EHF Cup","Europe","2019","False","2019-08-30","2020-03-29"
"179","EHF Cup","Europe","2018","False","2018-09-01","2019-05-18"
"178","EHF Cup Women","Europe","2016","False","2016-09-09","2017-05-13"
"178","EHF Cup Women","Europe","2018","False","2018-09-08","2019-05-11"
"178","EHF Cup Women","Europe","2017","False","2017-09-08","2018-05-11"
"178","EHF Cup Women","Europe","2010","False","2010-09-04","2011-05-15"
"178","EHF Cup Women","Europe","2019","False","2019-09-06","2020-04-11"
"178","EHF Cup Women","Europe","2015","False","2015-10-16","2016-05-06"
"178","EHF Cup Women","Europe","2011","False","2011-10-01","2012-05-12"
"178","EHF Cup Women","Europe","2014","False","2014-10-17","2015-05-09"
"178","EHF Cup Women","Europe","2013","False","2013-10-05","2014-05-11"
"178","EHF Cup Women","Europe","2012","False","2012-10-12","2013-05-12"
"142","EHF Euro Cup","Europe","2024","False","2024-11-06","2025-05-11"
"142","EHF Euro Cup","Europe","2022","False","2022-10-12","2023-04-30"
"142","EHF Euro Cup","Europe","2020","False","2020-11-04","2021-06-27"
"142","EHF Euro Cup","Europe","2026","False","2026-11-04","2027-05-09"
"150","EHF Euro Cup Women","Europe","2025","False","2025-10-15","2026-09-27"
"150","EHF Euro Cup Women","Europe","2021","False","2021-10-07","2022-04-24"
"150","EHF Euro Cup Women","Europe","2023","False","2023-10-11","2024-04-06"
"145","EHF European League","Europe","2022","False","2022-08-27","2023-05-28"
"145","EHF European League","Europe","2023","False","2023-08-26","2024-05-26"
"145","EHF European League","Europe","2021","False","2021-08-27","2022-05-29"
"145","EHF European League","Europe","2024","False","2024-08-31","2025-05-25"
"145","EHF European League","Europe","2025","False","2025-08-30","2026-05-31"
"145","EHF European League","Europe","2026","False","2026-09-29","2026-12-01"
"146","EHF European League Women","Europe","2025","False","2025-09-27","2026-05-17"
"146","EHF European League Women","Europe","2026","False","2026-10-03","2026-10-11"
"146","EHF European League Women","Europe","2023","False","2023-09-22","2024-05-12"
"146","EHF European League Women","Europe","2024","False","2024-10-05","2025-05-04"
"146","EHF European League Women","Europe","2021","False","2021-10-16","2022-05-15"
"146","EHF European League Women","Europe","2022","False","2022-10-08","2023-05-14"
"177","European Championship","Europe","2014","False","2014-08-14","2014-08-24"
"177","European Championship","Europe","2012","False","2012-07-12","2012-07-22"
"177","European Championship","Europe","2016","False","2016-08-11","2016-08-21"
"177","European Championship","Europe","2026","False","2023-01-13","2026-02-01"
"177","European Championship","Europe","2022","False","2022-01-05","2023-04-30"
"177","European Championship","Europe","2024","False","2024-01-10","2024-01-28"
"177","European Championship","Europe","2028","True","2025-01-10","2026-11-04"
"144","European Championship U17 B Women","Europe","2025","False","2025-08-04","2025-08-10"
"144","European Championship U17 B Women","Europe","2021","False","2021-08-06","2021-08-15"
"144","European Championship U17 B Women","Europe","2023","False","2023-08-05","2023-08-13"
"139","European Championship U17 Women","Europe","2023","False","2023-08-03","2023-08-13"
"139","European Championship U17 Women","Europe","2021","False","2021-08-05","2021-08-15"
"139","European Championship U17 Women","Europe","2025","False","2025-07-30","2025-08-10"
"139","European Championship U17 Women","Europe","2017","False","2017-08-10","2017-08-20"
"200","European Championship U18","Europe","2022","False","2022-08-04","2022-08-14"
"200","European Championship U18","Europe","2018","False","2018-08-09","2018-08-19"
"181","European Championship U18 B","Europe","2022","False","2022-08-07","2022-08-14"
"181","European Championship U18 B","Europe","2018","False","2018-08-10","2018-08-19"
"181","European Championship U18 B","Europe","2024","False","2024-08-12","2024-08-18"
"181","European Championship U18 B","Europe","2026","False","2026-08-02","2026-08-09"
"151","European Championship U19","Europe","2021","False","2021-08-12","2021-08-22"
"152","European Championship U19 B","Europe","2021","False","2021-08-09","2021-08-22"
"143","European Championship U19 B Women","Europe","2025","False","2025-07-12","2025-07-20"
"143","European Championship U19 B Women","Europe","2023","False","2023-07-08","2023-07-16"
"143","European Championship U19 B Women","Europe","2021","False","2021-07-10","2021-07-18"
"137","European Championship U19 Women","Europe","2013","False","2013-03-29","2013-08-11"
"137","European Championship U19 Women","Europe","2023","False","2023-07-06","2023-07-16"
"137","European Championship U19 Women","Europe","2025","False","2025-07-09","2025-07-20"
"137","European Championship U19 Women","Europe","2015","False","2015-04-17","2015-08-02"
"137","European Championship U19 Women","Europe","2021","False","2021-07-08","2021-07-18"
"137","European Championship U19 Women","Europe","2017","False","2017-03-17","2017-08-06"
"134","European Championship U20","Europe","2018","False","2018-07-19","2018-07-29"
"134","European Championship U20","Europe","2022","False","2022-07-07","2022-07-17"
"134","European Championship U20","Europe","2024","False","2024-07-10","2024-07-21"
"134","European Championship U20","Europe","2026","False","2026-07-08","2026-07-19"
"141","European Championship U20 B","Europe","2026","False","2026-07-12","2026-07-19"
"141","European Championship U20 B","Europe","2024","False","2024-07-13","2024-07-21"
"141","European Championship U20 B","Europe","2018","False","2018-07-20","2018-07-29"
"141","European Championship U20 B","Europe","2022","False","2022-07-02","2022-07-24"
"133","European Championship Women","Europe","2010","False","2010-12-07","2010-12-19"
"133","European Championship Women","Europe","2012","False","2011-10-19","2012-12-16"
"133","European Championship Women","Europe","2014","False","2013-10-23","2014-12-21"
"133","European Championship Women","Europe","2022","False","2021-06-03","2022-11-20"
"133","European Championship Women","Europe","2023","False","2023-10-11","2024-12-15"
"133","European Championship Women","Europe","2020","False","2019-09-25","2020-05-31"
"133","European Championship Women","Europe","2025","False","2025-03-07","2026-04-12"
"133","European Championship Women","Europe","2018","False","2017-06-09","2018-12-16"
"133","European Championship Women","Europe","2016","False","2015-06-12","2016-12-18"
"133","European Championship Women","Europe","2008","False","2008-12-02","2008-12-14"
"147","European Cup","Europe","2024","False","2024-09-14","2025-05-25"
"147","European Cup","Europe","2023","False","2023-09-06","2024-05-25"
"147","European Cup","Europe","2021","False","2021-09-11","2022-05-28"
"147","European Cup","Europe","2022","False","2022-09-09","2023-06-03"
"147","European Cup","Europe","2026","True","2026-09-11","2026-10-24"
"147","European Cup","Europe","2025","False","2025-09-06","2026-05-31"
"148","European Cup Women","Europe","2025","False","2025-09-26","2026-05-24"
"148","European Cup Women","Europe","2026","False","2026-10-02","2026-10-11"
"148","European Cup Women","Europe","2023","False","2023-09-22","2024-05-24"
"148","European Cup Women","Europe","2021","False","2021-10-14","2022-05-14"
"148","European Cup Women","Europe","2022","False","2022-10-07","2023-05-07"
"148","European Cup Women","Europe","2024","False","2024-10-04","2025-05-17"
"192","Golden League - Denmark","Europe","2023","False","2024-01-04","2024-01-07"
"192","Golden League - Denmark","Europe","2017","False","2017-10-26","2017-10-29"
"192","Golden League - Denmark","Europe","2022","False","2022-03-17","2022-03-20"
"192","Golden League - Denmark","Europe","2026","False","2026-03-19","2026-03-22"
"190","Golden League - Denmark Women","Europe","2018","False","2018-09-27","2018-09-30"
"190","Golden League - Denmark Women","Europe","2024","False","2024-11-21","2024-11-24"
"190","Golden League - Denmark Women","Europe","2016","False","2016-10-06","2016-10-09"
"190","Golden League - Denmark Women","Europe","2014","False","2014-10-09","2014-10-12"
"190","Golden League - Denmark Women","Europe","2022","False","2022-09-29","2022-10-02"
"190","Golden League - Denmark Women","Europe","2012","False","2012-10-05","2012-10-07"
"190","Golden League - Denmark Women","Europe","2020","False","2020-10-01","2020-10-04"
"201","Golden League - France","Europe","2024","False","2024-01-04","2024-01-06"
"201","Golden League - France","Europe","2025","False","2026-01-09","2026-01-09"
"189","Golden League - France Women","Europe","2025","False","2025-11-21","2025-11-23"
"189","Golden League - France Women","Europe","2019","False","2019-03-21","2019-03-24"
"189","Golden League - France Women","Europe","2017","False","2017-03-16","2017-03-19"
"189","Golden League - France Women","Europe","2023","False","2023-11-24","2023-11-26"
"189","Golden League - France Women","Europe","2024","False","2024-11-22","2024-11-24"
"204","Golden League - Netherlands Women","Europe","2023","False","2023-03-02","2023-03-05"
"204","Golden League - Netherlands Women","Europe","2025","False","2025-03-06","2025-03-09"
"193","Golden League - Norway","Europe","2023","False","2023-11-02","2023-11-05"
"193","Golden League - Norway","Europe","2022","False","2023-01-05","2023-01-08"
"193","Golden League - Norway","Europe","2024","False","2024-05-09","2024-05-12"
"193","Golden League - Norway","Europe","2021","False","2021-11-04","2021-11-07"
"193","Golden League - Norway","Europe","2025","False","2025-10-30","2025-11-02"
"149","IHF/EHF Trophy","Europe","2021","False","2021-06-14","2021-06-19"
"140","MOL Liga Women","Europe","2012","False","2012-09-01","2013-05-15"
"140","MOL Liga Women","Europe","2021","False","2021-09-04","2022-05-27"
"140","MOL Liga Women","Europe","2018","False","2018-09-01","2019-05-19"
"140","MOL Liga Women","Europe","2017","False","2017-09-01","2018-05-19"
"140","MOL Liga Women","Europe","2016","False","2016-09-03","2017-05-28"
"140","MOL Liga Women","Europe","2013","False","2013-08-31","2014-05-24"
"140","MOL Liga Women","Europe","2023","False","2023-09-02","2024-05-29"
"140","MOL Liga Women","Europe","2024","False","2024-09-07","2025-05-18"
"140","MOL Liga Women","Europe","2015","False","2015-09-05","2016-05-22"
"140","MOL Liga Women","Europe","2014","False","2014-09-20","2015-05-24"
"140","MOL Liga Women","Europe","2011","False","2011-08-30","2012-05-20"
"140","MOL Liga Women","Europe","2010","False","2010-09-01","2011-05-25"
"140","MOL Liga Women","Europe","2025","False","2025-09-03","2026-05-31"
"140","MOL Liga Women","Europe","2022","False","2022-09-03","2023-05-21"
"140","MOL Liga Women","Europe","2026","True","2026-08-29","2027-04-03"
"136","SEHA Liga","Europe","2012","False","2012-09-12","2013-04-14"
"136","SEHA Liga","Europe","2016","False","2016-08-30","2017-04-09"
"136","SEHA Liga","Europe","2017","False","2017-08-30","2018-04-15"
"136","SEHA Liga","Europe","2018","False","2018-08-28","2019-04-03"
"136","SEHA Liga","Europe","2020","False","2020-12-17","2021-09-05"
"136","SEHA Liga","Europe","2021","False","2022-02-04","2022-09-04"
"136","SEHA Liga","Europe","2023","False","2023-01-25","2023-04-12"
"136","SEHA Liga","Europe","2015","False","2015-08-29","2016-04-03"
"136","SEHA Liga","Europe","2014","False","2014-08-27","2015-03-29"
"136","SEHA Liga","Europe","2013","False","2013-09-05","2014-04-13"
"202","Supercopa Iberica","Europe","2024","False","2024-08-31","2024-09-01"
"202","Supercopa Iberica","Europe","2023","False","2023-09-02","2023-09-03"
"202","Supercopa Iberica","Europe","2022","False","2022-12-17","2022-12-18"
"202","Supercopa Iberica","Europe","2025","False","2025-08-30","2025-08-31"
"202","Supercopa Iberica","Europe","2026","False","2026-09-04","2026-09-05"
"203","Supercopa Iberica Women","Europe","2025","False","2025-09-05","2025-09-06"
"203","Supercopa Iberica Women","Europe","2024","False","2024-09-07","2024-09-08"
"203","Supercopa Iberica Women","Europe","2023","False","2023-09-08","2023-09-09"
"27","SM-sarja","Finland","2013","False","2013-09-21","2014-05-11"
"27","SM-sarja","Finland","2015","False","2015-09-18","2016-05-08"
"27","SM-sarja","Finland","2016","False","2016-09-10","2017-05-20"
"27","SM-sarja","Finland","2017","False","2017-09-10","2018-05-09"
"27","SM-sarja","Finland","2018","False","2018-09-07","2019-05-22"
"27","SM-sarja","Finland","2022","False","2022-09-10","2023-05-20"
"27","SM-sarja","Finland","2023","False","2023-09-16","2024-04-27"
"27","SM-sarja","Finland","2024","False","2024-09-13","2025-03-08"
"27","SM-sarja","Finland","2014","False","2014-09-19","2015-05-10"
"27","SM-sarja","Finland","2012","False","2012-09-14","2013-05-08"
"27","SM-sarja","Finland","2011","False","2011-09-16","2012-04-24"
"27","SM-sarja","Finland","2010","False","2010-09-10","2011-04-12"
"27","SM-sarja","Finland","2021","False","2021-09-11","2022-05-18"
"28","SM-sarja Women","Finland","2018","False","2018-09-14","2019-05-12"
"28","SM-sarja Women","Finland","2023","False","2023-09-16","2024-04-26"
"28","SM-sarja Women","Finland","2017","False","2017-09-08","2018-05-08"
"28","SM-sarja Women","Finland","2021","False","2021-09-18","2022-04-23"
"28","SM-sarja Women","Finland","2010","False","2010-09-11","2011-04-19"
"28","SM-sarja Women","Finland","2011","False","2011-09-17","2012-04-28"
"28","SM-sarja Women","Finland","2012","False","2012-09-15","2013-04-19"
"28","SM-sarja Women","Finland","2013","False","2013-09-13","2014-04-25"
"28","SM-sarja Women","Finland","2014","False","2014-09-13","2015-04-28"
"28","SM-sarja Women","Finland","2022","False","2022-09-21","2023-05-12"
"28","SM-sarja Women","Finland","2024","False","2024-09-11","2025-03-01"
"28","SM-sarja Women","Finland","2016","False","2016-09-14","2017-04-23"
"28","SM-sarja Women","Finland","2015","False","2015-09-25","2016-04-24"
"205","Suomen Cup","Finland","2022","False","2022-09-20","2023-02-04"
"205","Suomen Cup","Finland","2023","False","2023-09-06","2024-02-03"
"206","Suomen Cup Women","Finland","2022","False","2022-10-22","2023-01-28"
"206","Suomen Cup Women","Finland","2023","False","2023-10-28","2024-02-10"
"32","Coupe de France","France","2022","False","2022-09-06","2023-06-10"
"32","Coupe de France","France","2017","False","2017-09-08","2018-05-05"
"32","Coupe de France","France","2018","False","2018-09-07","2019-05-25"
"32","Coupe de France","France","2020","False","2021-05-15","2021-05-15"
"32","Coupe de France","France","2024","False","2024-09-03","2025-05-18"
"32","Coupe de France","France","2012","False","2013-01-31","2013-05-25"
"32","Coupe de France","France","2013","False","2013-12-17","2014-05-25"
"32","Coupe de France","France","2016","False","2016-09-24","2017-05-27"
"32","Coupe de France","France","2015","False","2015-11-07","2016-05-21"
"32","Coupe de France","France","2014","False","2014-10-30","2015-04-26"
"32","Coupe de France","France","2021","False","2021-09-21","2022-06-11"
"32","Coupe de France","France","2023","False","2023-08-29","2024-04-20"
"32","Coupe de France","France","2026","True","2026-08-26","2026-09-30"
"32","Coupe de France","France","2025","False","2025-09-02","2026-05-23"
"35","Coupe de France Women","France","2025","False","2025-08-30","2026-05-24"
"35","Coupe de France Women","France","2026","True","2026-09-19","2026-10-17"
"35","Coupe de France Women","France","2021","False","2021-09-11","2022-06-11"
"35","Coupe de France Women","France","2017","False","2017-10-27","2018-05-05"
"35","Coupe de France Women","France","2018","False","2018-09-28","2019-05-25"
"35","Coupe de France Women","France","2022","False","2022-09-10","2023-06-10"
"35","Coupe de France Women","France","2024","False","2024-09-06","2025-05-17"
"35","Coupe de France Women","France","2020","False","2020-09-12","2021-05-15"
"35","Coupe de France Women","France","2023","False","2023-09-22","2024-05-18"
"30","Coupe de la Ligue","France","2011","False","2011-09-30","2011-12-11"
"30","Coupe de la Ligue","France","2014","False","2014-09-03","2015-03-29"
"30","Coupe de la Ligue","France","2013","False","2013-10-02","2014-02-02"
"30","Coupe de la Ligue","France","2012","False","2012-10-06","2012-12-09"
"30","Coupe de la Ligue","France","2021","False","2021-09-21","2021-12-19"
"30","Coupe de la Ligue","France","2015","False","2015-08-26","2016-03-13"
"30","Coupe de la Ligue","France","2018","False","2018-09-07","2019-03-17"
"30","Coupe de la Ligue","France","2017","False","2017-09-07","2018-03-18"
"30","Coupe de la Ligue","France","2016","False","2016-09-14","2017-04-08"
"31","Coupe de la Ligue Women","France","2011","False","2011-11-05","2011-12-30"
"31","Coupe de la Ligue Women","France","2012","False","2012-11-13","2013-02-23"
"31","Coupe de la Ligue Women","France","2014","False","2014-11-14","2015-02-22"
"31","Coupe de la Ligue Women","France","2013","False","2013-11-08","2014-02-23"
"31","Coupe de la Ligue Women","France","2015","False","2015-11-13","2016-03-27"
"29","Division 1 Women","France","2016","False","2016-09-10","2017-06-03"
"29","Division 1 Women","France","2011","False","2011-09-02","2012-05-13"
"29","Division 1 Women","France","2010","False","2010-09-03","2011-05-07"
"29","Division 1 Women","France","2024","False","2024-09-11","2025-06-08"
"29","Division 1 Women","France","2018","False","2018-08-29","2019-05-19"
"29","Division 1 Women","France","2015","False","2015-08-28","2016-05-28"
"29","Division 1 Women","France","2022","False","2022-09-02","2023-05-27"
"29","Division 1 Women","France","2012","False","2012-09-14","2013-05-19"
"29","Division 1 Women","France","2023","False","2023-08-30","2024-05-25"
"29","Division 1 Women","France","2013","False","2013-09-06","2014-06-01"
"29","Division 1 Women","France","2017","False","2017-08-30","2018-05-27"
"29","Division 1 Women","France","2014","False","2014-09-05","2015-05-31"
"29","Division 1 Women","France","2008","False","2008-09-12","2009-05-24"
"29","Division 1 Women","France","2021","False","2021-09-08","2022-05-29"
"29","Division 1 Women","France","2026","True","2026-08-29","2027-04-17"
"29","Division 1 Women","France","2025","False","2025-09-03","2026-06-06"
"36","Proligue","France","2026","True","2026-09-04","2027-05-14"
"36","Proligue","France","2025","False","2025-09-05","2026-06-07"
"36","Proligue","France","2023","False","2023-09-08","2024-06-02"
"36","Proligue","France","2018","False","2018-09-14","2019-05-19"
"36","Proligue","France","2024","False","2024-09-06","2025-06-08"
"36","Proligue","France","2022","False","2022-09-09","2023-06-04"
"36","Proligue","France","2021","False","2021-09-10","2022-06-05"
"34","Starligue","France","2023","False","2023-09-07","2024-05-31"
"34","Starligue","France","2018","False","2018-09-05","2019-06-06"
"34","Starligue","France","2017","False","2017-09-13","2018-05-31"
"34","Starligue","France","2016","False","2016-09-21","2017-06-08"
"34","Starligue","France","2015","False","2015-09-09","2016-06-02"
"34","Starligue","France","2022","False","2022-09-09","2023-06-06"
"34","Starligue","France","2024","False","2024-09-06","2025-06-07"
"34","Starligue","France","2025","False","2025-09-05","2026-06-06"
"34","Starligue","France","2021","False","2021-09-10","2022-06-08"
"34","Starligue","France","2020","False","2020-09-24","2021-06-12"
"34","Starligue","France","2026","True","2026-09-04","2027-05-19"
"33","Trophee des Champions","France","2026","False","2026-08-29","2026-08-29"
"33","Trophee des Champions","France","2019","False","2019-08-31","2019-08-31"
"33","Trophee des Champions","France","2022","False","2022-09-03","2022-09-03"
"33","Trophee des Champions","France","2014","False","2014-09-06","2014-09-07"
"33","Trophee des Champions","France","2015","False","2015-09-04","2015-09-05"
"33","Trophee des Champions","France","2016","False","2016-09-16","2016-09-17"
"33","Trophee des Champions","France","2023","False","2023-09-02","2023-09-02"
"33","Trophee des Champions","France","2017","False","2017-09-01","2017-09-02"
"33","Trophee des Champions","France","2024","False","2024-08-31","2024-08-31"
"33","Trophee des Champions","France","2018","False","2018-09-01","2018-09-02"
"33","Trophee des Champions","France","2025","False","2025-08-30","2025-08-30"
"42","1. Bundesliga Women","Germany","2022","False","2022-09-07","2023-06-03"
"42","1. Bundesliga Women","Germany","2021","False","2021-09-04","2022-06-04"
"42","1. Bundesliga Women","Germany","2014","False","2014-09-06","2015-05-23"
"42","1. Bundesliga Women","Germany","2013","False","2013-08-31","2014-05-31"
"42","1. Bundesliga Women","Germany","2012","False","2012-09-08","2013-05-12"
"42","1. Bundesliga Women","Germany","2010","False","2010-09-04","2011-05-14"
"42","1. Bundesliga Women","Germany","2008","False","2008-09-05","2009-06-01"
"42","1. Bundesliga Women","Germany","2018","False","2018-09-08","2019-05-18"
"42","1. Bundesliga Women","Germany","2017","False","2017-09-09","2018-05-26"
"42","1. Bundesliga Women","Germany","2016","False","2016-09-10","2017-05-20"
"42","1. Bundesliga Women","Germany","2015","False","2015-09-11","2016-05-14"
"42","1. Bundesliga Women","Germany","2023","False","2023-09-06","2024-05-25"
"42","1. Bundesliga Women","Germany","2024","False","2024-09-04","2025-05-24"
"42","1. Bundesliga Women","Germany","2011","False","2011-09-03","2012-05-19"
"42","1. Bundesliga Women","Germany","2025","False","2025-08-29","2026-06-06"
"42","1. Bundesliga Women","Germany","2026","True","2026-08-29","2027-04-04"
"43","2. Bundesliga","Germany","2025","False","2025-08-29","2026-06-06"
"43","2. Bundesliga","Germany","2026","True","2026-08-28","2027-06-05"
"43","2. Bundesliga","Germany","2023","False","2023-09-01","2024-06-01"
"43","2. Bundesliga","Germany","2011","False","2011-09-02","2012-06-02"
"43","2. Bundesliga","Germany","2021","False","2021-09-10","2022-06-11"
"43","2. Bundesliga","Germany","2012","False","2012-09-01","2013-06-08"
"43","2. Bundesliga","Germany","2024","False","2024-09-06","2025-06-29"
"43","2. Bundesliga","Germany","2013","False","2013-08-30","2014-05-25"
"43","2. Bundesliga","Germany","2014","False","2014-08-23","2015-06-07"
"43","2. Bundesliga","Germany","2018","False","2018-08-24","2019-06-08"
"43","2. Bundesliga","Germany","2017","False","2017-08-25","2018-06-02"
"43","2. Bundesliga","Germany","2016","False","2016-09-03","2017-06-10"
"43","2. Bundesliga","Germany","2022","False","2022-08-31","2023-06-07"
"43","2. Bundesliga","Germany","2015","False","2015-08-21","2016-06-04"
"45","2. Bundesliga Women","Germany","2021","False","2021-09-04","2022-05-21"
"45","2. Bundesliga Women","Germany","2013","False","2013-09-07","2014-05-17"
"45","2. Bundesliga Women","Germany","2014","False","2014-09-13","2015-05-09"
"45","2. Bundesliga Women","Germany","2022","False","2022-09-10","2023-05-27"
"45","2. Bundesliga Women","Germany","2016","False","2016-09-10","2017-05-20"
"45","2. Bundesliga Women","Germany","2024","False","2024-09-07","2025-05-24"
"45","2. Bundesliga Women","Germany","2023","False","2023-09-09","2024-06-01"
"45","2. Bundesliga Women","Germany","2017","False","2017-09-09","2018-05-26"
"45","2. Bundesliga Women","Germany","2018","False","2018-09-08","2019-05-18"
"45","2. Bundesliga Women","Germany","2015","False","2015-09-12","2016-05-14"
"45","2. Bundesliga Women","Germany","2025","False","2025-08-30","2026-05-30"
"45","2. Bundesliga Women","Germany","2026","True","2026-08-29","2027-05-29"
"39","Bundesliga","Germany","2025","False","2025-08-27","2026-06-07"
"39","Bundesliga","Germany","2026","True","2026-08-27","2027-06-06"
"39","Bundesliga","Germany","2023","False","2023-08-24","2024-06-02"
"39","Bundesliga","Germany","2013","False","2013-08-24","2014-05-24"
"39","Bundesliga","Germany","2012","False","2012-08-24","2013-06-08"
"39","Bundesliga","Germany","2011","False","2011-09-03","2012-06-02"
"39","Bundesliga","Germany","2010","False","2010-08-25","2011-06-04"
"39","Bundesliga","Germany","2014","False","2014-08-23","2015-06-05"
"39","Bundesliga","Germany","2022","False","2022-09-01","2023-06-11"
"39","Bundesliga","Germany","2024","False","2024-09-05","2025-06-08"
"39","Bundesliga","Germany","2018","False","2018-08-23","2019-06-09"
"39","Bundesliga","Germany","2017","False","2017-08-24","2018-06-03"
"39","Bundesliga","Germany","2015","False","2015-08-21","2016-06-05"
"39","Bundesliga","Germany","2016","False","2016-09-02","2017-06-10"
"39","Bundesliga","Germany","2021","False","2021-09-08","2022-06-12"
"41","DHB Pokal","Germany","2022","False","2022-08-26","2023-04-16"
"41","DHB Pokal","Germany","2023","False","2023-08-25","2024-04-14"
"41","DHB Pokal","Germany","2018","False","2018-08-18","2019-04-07"
"41","DHB Pokal","Germany","2025","False","2025-08-15","2026-04-19"
"41","DHB Pokal","Germany","2017","False","2017-08-19","2018-05-06"
"41","DHB Pokal","Germany","2024","False","2024-08-21","2025-04-13"
"41","DHB Pokal","Germany","2021","False","2021-08-26","2022-04-24"
"41","DHB Pokal","Germany","2026","True","2026-08-21","2026-11-11"
"44","DHB Pokal Women","Germany","2026","True","2026-08-21","2026-10-04"
"44","DHB Pokal Women","Germany","2013","False","2013-08-31","2014-04-27"
"44","DHB Pokal Women","Germany","2023","False","2023-08-30","2024-03-10"
"44","DHB Pokal Women","Germany","2024","False","2024-08-30","2025-03-02"
"44","DHB Pokal Women","Germany","2022","False","2022-09-03","2023-04-02"
"44","DHB Pokal Women","Germany","2014","False","2014-08-30","2015-05-16"
"44","DHB Pokal Women","Germany","2021","False","2021-08-28","2022-05-29"
"44","DHB Pokal Women","Germany","2025","False","2025-08-22","2026-03-15"
"44","DHB Pokal Women","Germany","2012","False","2013-01-25","2013-04-21"
"44","DHB Pokal Women","Germany","2015","False","2015-09-30","2016-05-21"
"44","DHB Pokal Women","Germany","2016","False","2016-09-02","2017-05-28"
"44","DHB Pokal Women","Germany","2018","False","2018-08-30","2019-05-25"
"44","DHB Pokal Women","Germany","2017","False","2017-09-02","2018-05-20"
"40","Super Cup","Germany","2016","False","2016-08-31","2016-08-31"
"40","Super Cup","Germany","2024","False","2024-08-31","2024-08-31"
"40","Super Cup","Germany","2018","False","2018-08-22","2018-08-22"
"40","Super Cup","Germany","2017","False","2017-08-23","2017-08-23"
"40","Super Cup","Germany","2015","False","2015-08-19","2015-08-19"
"40","Super Cup","Germany","2022","False","2022-08-31","2022-08-31"
"40","Super Cup","Germany","2011","False","2011-08-30","2011-08-30"
"40","Super Cup","Germany","2025","False","2025-08-23","2025-08-23"
"40","Super Cup","Germany","2013","False","2013-08-20","2013-08-20"
"40","Super Cup","Germany","2012","False","2012-08-21","2012-08-21"
"40","Super Cup","Germany","2014","False","2014-08-19","2014-08-19"
"40","Super Cup","Germany","2023","False","2023-08-23","2023-08-23"
"40","Super Cup","Germany","2021","False","2021-09-04","2021-09-04"
"40","Super Cup","Germany","2026","False","2026-08-22","2026-08-22"
"46","Super Cup Women","Germany","2026","False","2026-08-22","2026-08-22"
"46","Super Cup Women","Germany","2025","False","2025-08-23","2025-08-23"
"46","Super Cup Women","Germany","2024","False","2024-08-31","2024-08-31"
"46","Super Cup Women","Germany","2021","False","2021-08-28","2021-08-28"
"46","Super Cup Women","Germany","2018","False","2018-09-01","2018-09-01"
"46","Super Cup Women","Germany","2022","False","2022-09-04","2022-09-04"
"46","Super Cup Women","Germany","2017","False","2017-09-03","2017-09-03"
"46","Super Cup Women","Germany","2023","False","2023-09-02","2023-09-02"
"47","A1","Greece","2013","False","2013-09-28","2014-06-21"
"47","A1","Greece","2011","False","2011-09-24","2012-05-16"
"47","A1","Greece","2014","False","2014-09-27","2015-05-30"
"47","A1","Greece","2012","False","2012-09-29","2013-06-01"
"47","A1","Greece","2021","False","2021-09-18","2022-05-23"
"47","A1","Greece","2015","False","2015-09-22","2016-06-06"
"47","A1","Greece","2016","False","2016-09-24","2017-05-27"
"47","A1","Greece","2023","False","2023-09-23","2024-06-16"
"47","A1","Greece","2017","False","2017-09-23","2018-06-06"
"47","A1","Greece","2010","False","2010-09-18","2011-05-07"
"47","A1","Greece","2022","False","2022-09-17","2023-05-31"
"47","A1","Greece","2024","False","2024-09-18","2025-06-13"
"47","A1","Greece","2020","False","2020-09-19","2021-07-06"
"47","A1","Greece","2018","False","2018-09-22","2019-05-24"
"47","A1","Greece","2025","False","2025-09-20","2026-05-29"
"47","A1","Greece","2026","True","2026-09-19","2027-04-24"
"48","Greek Cup","Greece","2025","False","2025-12-13","2026-02-09"
"48","Greek Cup","Greece","2021","False","2021-05-15","2021-05-23"
"48","Greek Cup","Greece","2014","False","2014-12-17","2015-03-29"
"48","Greek Cup","Greece","2013","False","2013-12-01","2014-03-19"
"48","Greek Cup","Greece","2023","False","2022-12-19","2023-05-09"
"48","Greek Cup","Greece","2024","False","2024-12-03","2025-04-12"
"48","Greek Cup","Greece","2018","False","2018-12-01","2019-03-16"
"48","Greek Cup","Greece","2015","False","2015-12-16","2016-02-28"
"48","Greek Cup","Greece","2012","False","2012-12-08","2013-03-03"
"48","Greek Cup","Greece","2016","False","2016-12-03","2017-03-26"
"48","Greek Cup","Greece","2022","False","2022-01-26","2022-04-30"
"48","Greek Cup","Greece","2017","False","2017-12-19","2018-03-11"
"51","Hungarian Cup","Hungary","2020","False","2020-09-29","2021-04-12"
"51","Hungarian Cup","Hungary","2022","False","2022-10-24","2023-04-09"
"51","Hungarian Cup","Hungary","2018","False","2018-10-09","2019-04-07"
"51","Hungarian Cup","Hungary","2017","False","2017-11-07","2018-04-15"
"51","Hungarian Cup","Hungary","2024","False","2024-11-07","2025-04-13"
"51","Hungarian Cup","Hungary","2021","False","2021-11-30","2022-04-24"
"51","Hungarian Cup","Hungary","2016","False","2016-10-25","2017-04-15"
"51","Hungarian Cup","Hungary","2023","False","2023-11-21","2024-05-19"
"51","Hungarian Cup","Hungary","2026","False","2026-09-29","2026-09-30"
"51","Hungarian Cup","Hungary","2025","False","2025-09-29","2026-04-19"
"52","Hungarian Cup Women","Hungary","2025","False","2025-11-04","2026-05-03"
"52","Hungarian Cup Women","Hungary","2020","False","2020-10-20","2021-05-16"
"52","Hungarian Cup Women","Hungary","2022","False","2022-11-03","2023-04-23"
"52","Hungarian Cup Women","Hungary","2021","False","2021-12-11","2022-05-29"
"52","Hungarian Cup Women","Hungary","2024","False","2024-10-22","2025-03-02"
"52","Hungarian Cup Women","Hungary","2023","False","2023-11-14","2024-03-10"
"52","Hungarian Cup Women","Hungary","2018","False","2018-09-27","2019-03-17"
"52","Hungarian Cup Women","Hungary","2017","False","2017-10-25","2018-04-01"
"52","Hungarian Cup Women","Hungary","2016","False","2016-11-01","2017-04-02"
"49","NB I","Hungary","2018","False","2018-08-31","2019-05-26"
"49","NB I","Hungary","2017","False","2017-08-30","2018-05-20"
"49","NB I","Hungary","2024","False","2024-08-31","2025-06-08"
"49","NB I","Hungary","2023","False","2023-08-26","2024-05-29"
"49","NB I","Hungary","2021","False","2021-08-27","2022-06-11"
"49","NB I","Hungary","2022","False","2022-08-31","2023-06-09"
"49","NB I","Hungary","2025","False","2025-08-28","2026-06-02"
"49","NB I","Hungary","2026","True","2026-09-01","2027-05-23"
"50","NB I Women","Hungary","2025","False","2025-08-29","2026-05-31"
"50","NB I Women","Hungary","2026","True","2026-09-01","2027-05-22"
"50","NB I Women","Hungary","2024","False","2024-09-03","2025-05-24"
"50","NB I Women","Hungary","2018","False","2018-09-01","2019-05-18"
"50","NB I Women","Hungary","2017","False","2017-09-02","2018-05-23"
"50","NB I Women","Hungary","2021","False","2021-09-08","2022-05-22"
"50","NB I Women","Hungary","2023","False","2023-08-30","2024-05-26"
"50","NB I Women","Hungary","2022","False","2022-08-26","2023-05-27"
"54","Olis Deild Women","Iceland","2021","False","2021-09-18","2022-05-29"
"54","Olis Deild Women","Iceland","2022","False","2022-09-15","2023-05-20"
"54","Olis Deild Women","Iceland","2018","False","2018-09-15","2019-04-28"
"54","Olis Deild Women","Iceland","2024","False","2024-09-05","2025-05-26"
"54","Olis Deild Women","Iceland","2023","False","2023-09-09","2024-05-16"
"54","Olis Deild Women","Iceland","2017","False","2017-09-10","2018-04-26"
"54","Olis Deild Women","Iceland","2016","False","2016-09-10","2017-05-17"
"54","Olis Deild Women","Iceland","2026","True","2026-09-05","2027-02-13"
"54","Olis Deild Women","Iceland","2025","False","2025-09-06","2026-05-12"
"53","Olis Deildin","Iceland","2026","True","2026-09-03","2027-03-24"
"53","Olis Deildin","Iceland","2025","False","2025-09-03","2026-05-07"
"53","Olis Deildin","Iceland","2024","False","2024-09-04","2025-05-22"
"53","Olis Deildin","Iceland","2022","False","2022-09-08","2023-05-31"
"53","Olis Deildin","Iceland","2023","False","2023-09-07","2024-05-29"
"53","Olis Deildin","Iceland","2012","False","2012-09-24","2013-05-06"
"53","Olis Deildin","Iceland","2018","False","2018-09-09","2019-05-22"
"53","Olis Deildin","Iceland","2013","False","2013-09-19","2014-05-15"
"53","Olis Deildin","Iceland","2014","False","2014-09-18","2015-05-11"
"53","Olis Deildin","Iceland","2021","False","2021-09-16","2022-05-28"
"53","Olis Deildin","Iceland","2015","False","2015-09-09","2016-05-19"
"53","Olis Deildin","Iceland","2017","False","2017-09-10","2018-05-19"
"53","Olis Deildin","Iceland","2016","False","2016-09-08","2017-05-21"
"55","Division 1","Israel","2014","False","2014-09-19","2015-05-15"
"55","Division 1","Israel","2022","False","2022-09-23","2023-06-09"
"55","Division 1","Israel","2018","False","2018-09-28","2019-05-24"
"55","Division 1","Israel","2023","False","2023-09-22","2024-05-11"
"55","Division 1","Israel","2024","False","2024-09-20","2025-05-20"
"55","Division 1","Israel","2016","False","2016-09-23","2017-05-19"
"55","Division 1","Israel","2012","False","2012-09-20","2013-05-24"
"55","Division 1","Israel","2015","False","2015-09-25","2016-05-13"
"55","Division 1","Israel","2021","False","2021-10-01","2022-05-23"
"55","Division 1","Israel","2013","False","2013-09-12","2014-05-16"
"55","Division 1","Israel","2017","False","2017-09-25","2018-05-11"
"55","Division 1","Israel","2025","False","2025-09-19","2026-06-01"
"55","Division 1","Israel","2026","True","2026-09-18","2027-03-26"
"57","Coppa Italia","Italy","2026","False","2026-02-26","2026-03-01"
"57","Coppa Italia","Italy","2025","False","2025-02-27","2025-03-02"
"57","Coppa Italia","Italy","2023","False","2023-02-02","2023-02-05"
"57","Coppa Italia","Italy","2022","False","2022-02-03","2022-02-06"
"57","Coppa Italia","Italy","2024","False","2024-02-01","2024-02-04"
"57","Coppa Italia","Italy","2020","False","2021-02-12","2021-02-14"
"57","Coppa Italia","Italy","2019","False","2019-03-01","2019-03-03"
"57","Coppa Italia","Italy","2018","False","2018-02-16","2018-02-18"
"57","Coppa Italia","Italy","2015","False","2015-02-27","2015-03-01"
"57","Coppa Italia","Italy","2017","False","2017-04-21","2017-04-23"
"57","Coppa Italia","Italy","2016","False","2016-03-04","2016-03-06"
"59","Coppa Italia Women","Italy","2020","False","2021-02-12","2021-02-14"
"59","Coppa Italia Women","Italy","2023","False","2023-02-02","2023-02-05"
"59","Coppa Italia Women","Italy","2022","False","2022-02-03","2022-02-06"
"59","Coppa Italia Women","Italy","2025","False","2025-02-27","2025-03-02"
"59","Coppa Italia Women","Italy","2024","False","2024-02-01","2024-02-04"
"59","Coppa Italia Women","Italy","2026","False","2026-02-26","2026-03-01"
"56","Serie A","Italy","2026","True","2026-09-09","2027-04-24"
"56","Serie A","Italy","2025","False","2025-09-06","2026-05-30"
"56","Serie A","Italy","2022","False","2022-09-03","2023-05-25"
"56","Serie A","Italy","2018","False","2018-09-08","2019-05-22"
"56","Serie A","Italy","2017","False","2017-09-16","2018-05-26"
"56","Serie A","Italy","2016","False","2016-09-24","2017-05-27"
"56","Serie A","Italy","2015","False","2015-09-19","2016-05-28"
"56","Serie A","Italy","2023","False","2023-09-02","2024-06-03"
"56","Serie A","Italy","2012","False","2012-09-22","2013-05-23"
"56","Serie A","Italy","2013","False","2013-09-21","2014-05-22"
"56","Serie A","Italy","2014","False","2014-09-20","2015-05-20"
"56","Serie A","Italy","2024","False","2024-09-07","2025-06-07"
"56","Serie A","Italy","2021","False","2021-09-11","2022-05-29"
"56","Serie A","Italy","2011","False","2011-09-30","2012-05-25"
"58","Serie A Women","Italy","2021","False","2021-09-11","2022-05-17"
"58","Serie A Women","Italy","2018","False","2018-09-15","2019-05-19"
"58","Serie A Women","Italy","2023","False","2023-09-09","2024-05-26"
"58","Serie A Women","Italy","2022","False","2022-09-10","2023-05-16"
"58","Serie A Women","Italy","2024","False","2024-09-07","2025-05-28"
"58","Serie A Women","Italy","2026","True","2026-09-12","2027-05-01"
"58","Serie A Women","Italy","2025","False","2025-09-06","2026-05-24"
"123","Super Cup","Italy","2025","False","2025-08-30","2025-08-30"
"123","Super Cup","Italy","2026","False","2026-12-22","2026-12-22"
"123","Super Cup","Italy","2023","False","2023-12-16","2023-12-17"
"123","Super Cup","Italy","2021","False","2021-09-04","2021-09-04"
"123","Super Cup","Italy","2022","False","2022-12-21","2022-12-21"
"123","Super Cup","Italy","2024","False","2024-08-31","2024-08-31"
"124","Super Cup Women","Italy","1970","False","1970-01-01","1970-01-01"
"124","Super Cup Women","Italy","2021","False","2021-09-04","2021-09-04"
"124","Super Cup Women","Italy","2022","False","2022-12-21","2022-12-21"
"124","Super Cup Women","Italy","2024","False","2024-01-06","2024-01-07"
"124","Super Cup Women","Italy","2025","False","2024-08-31","2024-08-31"
"125","JHL","Japan","2021","False","2021-08-28","2022-03-20"
"125","JHL","Japan","2024","False","2024-09-06","2025-05-25"
"125","JHL","Japan","2023","False","2023-07-08","2024-05-26"
"125","JHL","Japan","2022","False","2022-07-02","2023-03-21"
"126","JHL Women","Japan","2022","False","2022-07-02","2023-03-21"
"126","JHL Women","Japan","2024","False","2024-09-07","2025-05-25"
"126","JHL Women","Japan","2021","False","2021-08-28","2022-03-20"
"126","JHL Women","Japan","2023","False","2023-10-21","2024-05-26"
"60","SynotTip Virsliga","Latvia","2014","False","2014-09-20","2015-05-16"
"60","SynotTip Virsliga","Latvia","2013","False","2013-09-27","2014-05-17"
"60","SynotTip Virsliga","Latvia","2012","False","2012-10-07","2013-05-26"
"60","SynotTip Virsliga","Latvia","2021","False","2021-09-12","2022-05-29"
"60","SynotTip Virsliga","Latvia","2023","False","2023-09-09","2024-04-07"
"60","SynotTip Virsliga","Latvia","2022","False","2022-09-24","2023-05-13"
"60","SynotTip Virsliga","Latvia","2015","False","2015-09-16","2016-05-12"
"60","SynotTip Virsliga","Latvia","2016","False","2016-09-16","2017-05-21"
"60","SynotTip Virsliga","Latvia","2017","False","2017-09-13","2018-05-05"
"60","SynotTip Virsliga","Latvia","2018","False","2018-09-08","2019-05-11"
"60","SynotTip Virsliga","Latvia","2020","False","2020-09-12","2021-05-29"
"60","SynotTip Virsliga","Latvia","2024","False","2024-10-06","2025-05-24"
"60","SynotTip Virsliga","Latvia","2025","False","2025-09-27","2026-05-16"
"60","SynotTip Virsliga","Latvia","2026","False","2026-09-30","2027-01-24"
"61","Lietuvos Lyga","Lithuania","2025","False","2025-09-13","2026-05-27"
"61","Lietuvos Lyga","Lithuania","2026","True","2026-09-09","2026-12-16"
"61","Lietuvos Lyga","Lithuania","2014","False","2014-09-27","2015-05-16"
"61","Lietuvos Lyga","Lithuania","2023","False","2023-09-13","2024-05-25"
"61","Lietuvos Lyga","Lithuania","2021","False","2021-09-25","2022-06-01"
"61","Lietuvos Lyga","Lithuania","2024","False","2024-09-11","2025-05-21"
"61","Lietuvos Lyga","Lithuania","2022","False","2022-10-01","2023-05-24"
"61","Lietuvos Lyga","Lithuania","2015","False","2015-09-23","2016-05-25"
"61","Lietuvos Lyga","Lithuania","2016","False","2016-09-24","2017-05-17"
"61","Lietuvos Lyga","Lithuania","2017","False","2017-09-20","2018-05-16"
"61","Lietuvos Lyga","Lithuania","2018","False","2018-09-22","2019-05-15"
"61","Lietuvos Lyga","Lithuania","2013","False","2013-09-11","2014-05-10"
"61","Lietuvos Lyga","Lithuania","2012","False","2012-09-15","2013-05-11"
"61","Lietuvos Lyga","Lithuania","2020","False","2020-09-05","2021-05-22"
"63","AXA League","Luxembourg","2023","False","2023-09-09","2024-05-18"
"63","AXA League","Luxembourg","2024","False","2024-09-07","2025-05-24"
"63","AXA League","Luxembourg","2018","False","2018-09-15","2019-05-18"
"63","AXA League","Luxembourg","2022","False","2022-09-10","2023-05-20"
"63","AXA League","Luxembourg","2021","False","2021-09-11","2022-05-15"
"63","AXA League","Luxembourg","2026","True","2026-09-05","2026-12-19"
"63","AXA League","Luxembourg","2025","False","2025-09-06","2026-05-23"
"62","Sales Lentz League","Luxembourg","2016","False","2016-09-24","2017-05-20"
"62","Sales Lentz League","Luxembourg","2017","False","2017-09-23","2018-05-13"
"62","Sales Lentz League","Luxembourg","2015","False","2015-09-19","2016-05-21"
"64","1st Division","Malta","2014","False","2014-11-08","2015-03-21"
"64","1st Division","Malta","2022","False","2022-10-29","2023-05-13"
"64","1st Division","Malta","2018","False","2018-10-06","2019-04-13"
"64","1st Division","Malta","2023","False","2023-12-09","2024-06-01"
"64","1st Division","Malta","2017","False","2017-11-11","2018-05-12"
"64","1st Division","Malta","2016","False","2016-11-19","2017-05-27"
"64","1st Division","Malta","2024","False","2024-10-05","2025-04-12"
"64","1st Division","Malta","2015","False","2015-11-07","2016-05-07"
"64","1st Division","Malta","2019","False","2019-12-07","2020-02-23"
"64","1st Division","Malta","2021","False","2021-10-23","2022-05-07"
"65","Prva liga","Montenegro","2015","False","2015-10-24","2016-05-15"
"65","Prva liga","Montenegro","2014","False","2014-11-15","2015-05-16"
"65","Prva liga","Montenegro","2024","False","2024-09-28","2025-05-17"
"65","Prva liga","Montenegro","2023","False","2023-09-29","2024-05-04"
"65","Prva liga","Montenegro","2021","False","2021-10-02","2022-05-28"
"65","Prva liga","Montenegro","2022","False","2022-10-01","2023-05-14"
"65","Prva liga","Montenegro","2020","False","2020-09-26","2021-05-30"
"65","Prva liga","Montenegro","2018","False","2018-09-28","2019-05-12"
"65","Prva liga","Montenegro","2017","False","2017-09-30","2018-05-06"
"65","Prva liga","Montenegro","2016","False","2016-10-22","2017-05-14"
"65","Prva liga","Montenegro","2026","False","2026-09-26","2026-09-28"
"65","Prva liga","Montenegro","2025","False","2025-09-27","2026-05-31"
"66","Eredivisie","Netherlands","2026","True","2026-09-05","2027-04-04"
"66","Eredivisie","Netherlands","2025","False","2025-09-06","2026-05-17"
"66","Eredivisie","Netherlands","2022","False","2022-09-10","2023-05-20"
"66","Eredivisie","Netherlands","2018","False","2018-09-15","2019-06-02"
"66","Eredivisie","Netherlands","2021","False","2021-09-18","2022-05-28"
"66","Eredivisie","Netherlands","2017","False","2017-09-09","2018-05-26"
"66","Eredivisie","Netherlands","2016","False","2016-09-03","2017-06-03"
"66","Eredivisie","Netherlands","2014","False","2014-09-06","2015-05-30"
"66","Eredivisie","Netherlands","2015","False","2015-09-05","2016-06-05"
"66","Eredivisie","Netherlands","2024","False","2024-09-07","2025-05-18"
"66","Eredivisie","Netherlands","2013","False","2013-08-31","2014-05-25"
"66","Eredivisie","Netherlands","2023","False","2023-09-02","2024-05-12"
"67","Eredivisie Women","Netherlands","2024","False","2024-09-14","2025-05-29"
"67","Eredivisie Women","Netherlands","2021","False","2021-09-18","2022-05-22"
"67","Eredivisie Women","Netherlands","2018","False","2018-09-08","2019-05-12"
"67","Eredivisie Women","Netherlands","2016","False","2016-09-03","2017-05-20"
"67","Eredivisie Women","Netherlands","2015","False","2015-09-05","2016-05-29"
"67","Eredivisie Women","Netherlands","2023","False","2023-09-02","2024-05-26"
"67","Eredivisie Women","Netherlands","2014","False","2014-09-06","2015-05-17"
"67","Eredivisie Women","Netherlands","2022","False","2022-09-03","2023-06-03"
"67","Eredivisie Women","Netherlands","2017","False","2017-09-23","2018-05-12"
"67","Eredivisie Women","Netherlands","2025","False","2025-09-06","2026-05-16"
"67","Eredivisie Women","Netherlands","2026","True","2026-09-05","2027-04-03"
"68","HandbalNL League","Netherlands","2023","False","2023-03-18","2023-06-11"
"68","HandbalNL League","Netherlands","2022","False","2022-04-02","2022-06-19"
"68","HandbalNL League","Netherlands","2024","False","2024-04-13","2024-06-02"
"37","Superleague","North-Macedonia","2023","False","2023-09-08","2024-06-09"
"37","Superleague","North-Macedonia","2015","False","2015-09-18","2016-05-31"
"37","Superleague","North-Macedonia","2018","False","2018-09-15","2019-03-16"
"37","Superleague","North-Macedonia","2022","False","2022-09-03","2023-06-04"
"37","Superleague","North-Macedonia","2016","False","2016-09-16","2017-06-07"
"37","Superleague","North-Macedonia","2024","False","2024-09-07","2025-06-12"
"37","Superleague","North-Macedonia","2021","False","2021-09-12","2022-06-03"
"37","Superleague","North-Macedonia","2017","False","2017-09-16","2018-06-09"
"37","Superleague","North-Macedonia","2025","False","2025-09-04","2026-06-03"
"37","Superleague","North-Macedonia","2026","True","2026-09-04","2027-03-20"
"38","Superleague Women","North-Macedonia","2022","False","2022-09-09","2023-05-21"
"38","Superleague Women","North-Macedonia","2018","False","2018-09-08","2019-03-16"
"38","Superleague Women","North-Macedonia","2024","False","2024-09-07","2025-05-28"
"38","Superleague Women","North-Macedonia","2020","False","2020-09-18","2021-06-03"
"38","Superleague Women","North-Macedonia","2023","False","2023-09-16","2024-05-28"
"38","Superleague Women","North-Macedonia","2021","False","2021-09-18","2022-05-29"
"69","1. Division","Norway","2012","False","2012-09-15","2013-03-24"
"69","1. Division","Norway","2011","False","2011-09-21","2012-04-21"
"69","1. Division","Norway","2013","False","2013-09-21","2014-03-23"
"69","1. Division","Norway","2014","False","2014-09-13","2015-03-22"
"69","1. Division","Norway","2015","False","2015-09-13","2016-04-20"
"69","1. Division","Norway","2016","False","2016-09-03","2017-04-08"
"69","1. Division","Norway","2017","False","2017-09-09","2018-03-25"
"69","1. Division","Norway","2018","False","2018-09-15","2019-03-27"
"69","1. Division","Norway","2022","False","2022-09-03","2023-05-10"
"69","1. Division","Norway","2021","False","2021-09-11","2022-05-08"
"69","1. Division","Norway","2024","False","2024-08-31","2025-04-05"
"69","1. Division","Norway","2023","False","2023-09-02","2024-04-13"
"69","1. Division","Norway","2010","False","2010-09-08","2011-04-17"
"69","1. Division","Norway","2025","False","2025-08-30","2026-05-03"
"69","1. Division","Norway","2026","True","2026-08-30","2027-04-11"
"69","1. Division","Norway","2026",,"2026-09-29","2026-09-29"
"70","1. Division Women","Norway","2026","True","2026-08-30","2027-04-18"
"70","1. Division Women","Norway","2015","False","2015-09-12","2016-04-10"
"70","1. Division Women","Norway","2025","False","2025-08-30","2026-05-13"
"70","1. Division Women","Norway","2024","False","2024-08-31","2025-04-06"
"70","1. Division Women","Norway","2021","False","2021-09-05","2022-05-15"
"70","1. Division Women","Norway","2023","False","2023-09-02","2024-04-20"
"70","1. Division Women","Norway","2022","False","2022-09-11","2023-04-30"
"70","1. Division Women","Norway","2010","False","2010-09-04","2011-04-03"
"70","1. Division Women","Norway","2011","False","2011-09-03","2012-04-01"
"70","1. Division Women","Norway","2012","False","2012-09-15","2013-04-14"
"70","1. Division Women","Norway","2013","False","2013-09-11","2014-04-13"
"70","1. Division Women","Norway","2014","False","2014-09-13","2015-04-12"
"70","1. Division Women","Norway","2018","False","2018-09-16","2019-04-10"
"70","1. Division Women","Norway","2017","False","2017-09-03","2018-04-15"
"70","1. Division Women","Norway","2016","False","2016-09-04","2017-04-08"
"75","REMA 1000-ligaen","Norway","2026","True","2026-08-29","2027-04-07"
"75","REMA 1000-ligaen","Norway","2024","False","2024-09-01","2025-05-21"
"75","REMA 1000-ligaen","Norway","2021","False","2021-08-31","2022-06-11"
"75","REMA 1000-ligaen","Norway","2025","False","2025-08-30","2026-05-27"
"75","REMA 1000-ligaen","Norway","2023","False","2023-08-26","2024-05-29"
"75","REMA 1000-ligaen","Norway","2022","False","2022-08-31","2023-06-07"
"76","REMA 1000-ligaen women","Norway","2026","True","2026-08-26","2027-04-03"
"76","REMA 1000-ligaen women","Norway","2024","False","2024-08-31","2025-05-22"
"76","REMA 1000-ligaen women","Norway","2021","False","2021-09-01","2022-05-28"
"76","REMA 1000-ligaen women","Norway","2025","False","2025-08-27","2026-05-31"
"76","REMA 1000-ligaen women","Norway","2023","False","2023-08-29","2024-05-24"
"76","REMA 1000-ligaen women","Norway","2022","False","2022-09-01","2023-05-27"
"73","Grundigligaen","Norway","2014","False","2014-09-10","2015-05-20"
"73","Grundigligaen","Norway","2018","False","2018-09-05","2019-05-19"
"73","Grundigligaen","Norway","2017","False","2017-09-06","2018-05-22"
"73","Grundigligaen","Norway","2016","False","2016-09-01","2017-05-21"
"73","Grundigligaen","Norway","2015","False","2015-09-02","2016-05-15"
"73","Grundigligaen","Norway","2010","False","2010-09-11","2011-04-30"
"73","Grundigligaen","Norway","2011","False","2011-09-09","2012-05-15"
"73","Grundigligaen","Norway","2012","False","2012-09-22","2013-05-12"
"73","Grundigligaen","Norway","2019","False","2019-09-04","2020-03-15"
"73","Grundigligaen","Norway","2013","False","2013-09-11","2014-05-21"
"74","Grundigligaen women","Norway","2018","False","2018-09-01","2019-05-21"
"74","Grundigligaen women","Norway","2017","False","2017-08-30","2018-05-19"
"74","Grundigligaen women","Norway","2016","False","2016-09-07","2017-05-21"
"74","Grundigligaen women","Norway","2015","False","2015-09-05","2016-05-14"
"74","Grundigligaen women","Norway","2010","False","2010-09-04","2011-04-30"
"74","Grundigligaen women","Norway","2011","False","2011-09-03","2012-04-28"
"74","Grundigligaen women","Norway","2012","False","2012-09-12","2013-05-22"
"74","Grundigligaen women","Norway","2013","False","2013-09-04","2014-05-14"
"74","Grundigligaen women","Norway","2014","False","2014-09-03","2015-05-20"
"74","Grundigligaen women","Norway","2019","False","2019-08-29","2020-03-11"
"71","NM Cup","Norway","2022","False","2022-09-13","2023-02-26"
"71","NM Cup","Norway","2018","False","2018-09-02","2018-12-29"
"71","NM Cup","Norway","2017","False","2017-08-29","2017-12-29"
"71","NM Cup","Norway","2016","False","2016-08-24","2016-12-29"
"71","NM Cup","Norway","2015","False","2015-09-23","2015-12-30"
"71","NM Cup","Norway","2011","False","2011-09-21","2011-12-30"
"71","NM Cup","Norway","2012","False","2012-09-19","2012-12-30"
"71","NM Cup","Norway","2021","False","2021-08-28","2022-05-14"
"71","NM Cup","Norway","2024","False","2024-08-24","2024-12-29"
"71","NM Cup","Norway","2013","False","2013-10-02","2013-12-30"
"71","NM Cup","Norway","2023","False","2023-09-05","2024-02-25"
"71","NM Cup","Norway","2014","False","2014-09-24","2014-12-30"
"71","NM Cup","Norway","2026","True","2026-08-19","2026-10-09"
"71","NM Cup","Norway","2025","False","2025-08-24","2025-12-28"
"72","NM Cup Women","Norway","2025","False","2025-08-27","2025-12-28"
"72","NM Cup Women","Norway","2026","True","2026-08-21","2026-10-28"
"72","NM Cup Women","Norway","2012","False","2012-09-25","2012-12-30"
"72","NM Cup Women","Norway","2024","False","2024-08-25","2024-12-29"
"72","NM Cup Women","Norway","2021","False","2021-08-22","2022-05-14"
"72","NM Cup Women","Norway","2016","False","2016-09-01","2016-12-29"
"72","NM Cup Women","Norway","2011","False","2011-10-05","2011-12-30"
"72","NM Cup Women","Norway","2017","False","2017-08-30","2017-12-29"
"72","NM Cup Women","Norway","2013","False","2013-10-08","2013-12-30"
"72","NM Cup Women","Norway","2014","False","2014-09-27","2014-12-30"
"72","NM Cup Women","Norway","2023","False","2023-09-01","2024-02-25"
"72","NM Cup Women","Norway","2018","False","2018-09-02","2018-12-29"
"72","NM Cup Women","Norway","2015","False","2015-09-30","2015-12-30"
"72","NM Cup Women","Norway","2022","False","2022-09-07","2023-02-26"
"127","Central League","Poland","2024","False","2024-09-14","2025-05-25"
"127","Central League","Poland","2021","False","2021-09-18","2022-05-21"
"127","Central League","Poland","2025","False","2025-09-12","2026-05-10"
"127","Central League","Poland","2022","False","2022-09-17","2023-05-21"
"127","Central League","Poland","2023","False","2023-09-09","2024-06-05"
"127","Central League","Poland","2026","True","2026-09-11","2027-05-22"
"207","Central League Women","Poland","2026","True","2026-09-12","2027-05-01"
"207","Central League Women","Poland","2025","False","2025-09-13","2026-05-03"
"207","Central League Women","Poland","2024","False","2024-10-04","2025-04-26"
"207","Central League Women","Poland","2023","False","2023-09-23","2024-05-11"
"81","I Liga","Poland","2022","False","2022-09-16","2023-05-28"
"81","I Liga","Poland","2020","False","2020-09-19","2021-05-30"
"81","I Liga","Poland","2023","False","2023-09-15","2024-05-26"
"81","I Liga","Poland","2024","False","2024-09-14","2025-05-25"
"81","I Liga","Poland","2021","False","2021-09-15","2022-05-29"
"81","I Liga","Poland","2026","True","2026-09-12","2027-04-17"
"81","I Liga","Poland","2025","False","2025-09-06","2026-05-24"
"82","I Liga Women","Poland","2026","True","2026-09-19","2027-05-08"
"82","I Liga Women","Poland","2025","False","2025-09-13","2026-05-10"
"82","I Liga Women","Poland","2022","False","2022-09-17","2023-05-11"
"82","I Liga Women","Poland","2020","False","2020-09-26","2021-05-22"
"82","I Liga Women","Poland","2024","False","2024-10-05","2025-05-18"
"82","I Liga Women","Poland","2023","False","2023-10-07","2024-05-19"
"82","I Liga Women","Poland","2021","False","2021-09-25","2022-06-05"
"80","Polish Cup","Poland","2022","False","2022-11-09","2023-06-03"
"80","Polish Cup","Poland","2016","False","2017-02-04","2017-05-21"
"80","Polish Cup","Poland","2017","False","2018-01-06","2018-05-13"
"80","Polish Cup","Poland","2018","False","2018-12-05","2019-05-12"
"80","Polish Cup","Poland","2024","False","2024-10-30","2025-04-13"
"80","Polish Cup","Poland","2020","False","2020-11-11","2021-05-30"
"80","Polish Cup","Poland","2021","False","2021-11-06","2022-06-04"
"80","Polish Cup","Poland","2023","False","2023-12-13","2024-05-05"
"80","Polish Cup","Poland","2025","False","2025-09-30","2026-04-19"
"79","Polish Cup Women","Poland","2025","False","2025-11-12","2026-05-10"
"79","Polish Cup Women","Poland","2016","False","2017-01-24","2017-05-20"
"79","Polish Cup Women","Poland","2017","False","2017-12-16","2018-05-12"
"79","Polish Cup Women","Poland","2022","False","2022-11-23","2023-05-20"
"79","Polish Cup Women","Poland","2018","False","2018-12-15","2019-05-18"
"79","Polish Cup Women","Poland","2020","False","2020-11-11","2021-06-04"
"79","Polish Cup Women","Poland","2024","False","2024-11-12","2025-05-18"
"79","Polish Cup Women","Poland","2021","False","2021-11-17","2022-05-28"
"79","Polish Cup Women","Poland","2023","False","2023-12-19","2024-05-05"
"78","Superliga","Poland","2014","False","2014-09-03","2015-05-30"
"78","Superliga","Poland","2010","False","2010-09-04","2011-06-01"
"78","Superliga","Poland","2011","False","2011-09-03","2012-05-19"
"78","Superliga","Poland","2012","False","2012-09-01","2013-05-29"
"78","Superliga","Poland","2013","False","2013-09-07","2014-05-25"
"78","Superliga","Poland","2022","False","2022-09-02","2023-05-31"
"78","Superliga","Poland","2021","False","2021-09-03","2022-05-24"
"78","Superliga","Poland","2023","False","2023-08-30","2024-05-28"
"78","Superliga","Poland","2018","False","2018-08-31","2019-05-25"
"78","Superliga","Poland","2017","False","2017-09-01","2018-06-03"
"78","Superliga","Poland","2024","False","2024-08-30","2025-06-07"
"78","Superliga","Poland","2016","False","2016-09-09","2017-05-27"
"78","Superliga","Poland","2015","False","2015-09-02","2016-06-01"
"78","Superliga","Poland","2025","False","2025-09-02","2026-06-02"
"78","Superliga","Poland","2026","True","2026-09-04","2027-04-03"
"77","Superliga Women","Poland","2026","True","2026-09-01","2027-02-27"
"77","Superliga Women","Poland","2016","False","2016-09-03","2017-05-27"
"77","Superliga Women","Poland","2021","False","2021-09-07","2022-05-21"
"77","Superliga Women","Poland","2023","False","2023-09-05","2024-05-22"
"77","Superliga Women","Poland","2022","False","2022-09-09","2023-05-21"
"77","Superliga Women","Poland","2010","False","2010-09-04","2011-05-20"
"77","Superliga Women","Poland","2011","False","2011-09-02","2012-05-16"
"77","Superliga Women","Poland","2012","False","2012-09-08","2013-05-22"
"77","Superliga Women","Poland","2013","False","2013-09-07","2014-05-25"
"77","Superliga Women","Poland","2014","False","2014-09-03","2015-05-21"
"77","Superliga Women","Poland","2025","False","2025-09-03","2026-05-23"
"77","Superliga Women","Poland","2024","False","2024-08-31","2025-05-25"
"77","Superliga Women","Poland","2018","False","2018-09-01","2019-05-25"
"77","Superliga Women","Poland","2017","False","2017-09-05","2018-05-19"
"77","Superliga Women","Poland","2015","False","2015-09-06","2016-05-15"
"85","1a Divisao Women","Portugal","2024","False","2024-08-31","2025-05-24"
"85","1a Divisao Women","Portugal","2015","False","2015-09-12","2016-05-22"
"85","1a Divisao Women","Portugal","2016","False","2016-09-24","2017-05-27"
"85","1a Divisao Women","Portugal","2017","False","2017-09-16","2018-05-12"
"85","1a Divisao Women","Portugal","2018","False","2018-10-13","2019-05-18"
"85","1a Divisao Women","Portugal","2023","False","2023-09-02","2024-05-26"
"85","1a Divisao Women","Portugal","2022","False","2022-09-24","2023-06-04"
"85","1a Divisao Women","Portugal","2021","False","2021-09-25","2022-06-19"
"85","1a Divisao Women","Portugal","2026","True","2026-08-29","2027-02-20"
"85","1a Divisao Women","Portugal","2025","False","2025-08-30","2026-06-04"
"84","Andebol 1","Portugal","2025","False","2025-09-03","2026-05-23"
"84","Andebol 1","Portugal","2026","True","2026-08-26","2027-03-06"
"84","Andebol 1","Portugal","2018","False","2018-08-29","2019-06-08"
"84","Andebol 1","Portugal","2016","False","2016-08-19","2017-06-18"
"84","Andebol 1","Portugal","2015","False","2015-09-05","2016-06-04"
"84","Andebol 1","Portugal","2017","False","2017-09-02","2018-06-02"
"84","Andebol 1","Portugal","2024","False","2024-08-24","2025-05-31"
"84","Andebol 1","Portugal","2021","False","2021-09-04","2022-06-04"
"84","Andebol 1","Portugal","2014","False","2014-09-06","2015-05-29"
"84","Andebol 1","Portugal","2013","False","2013-09-07","2014-05-24"
"84","Andebol 1","Portugal","2012","False","2012-09-15","2013-05-25"
"84","Andebol 1","Portugal","2011","False","2011-01-25","2012-05-19"
"84","Andebol 1","Portugal","2010","False","2010-09-11","2011-05-25"
"84","Andebol 1","Portugal","2023","False","2023-09-02","2024-05-25"
"84","Andebol 1","Portugal","2022","False","2022-06-17","2023-06-10"
"83","Super Cup","Portugal","2022","False","2022-09-10","2022-09-11"
"83","Super Cup","Portugal","2014","False","2014-12-20","2014-12-20"
"83","Super Cup","Portugal","2021","False","2021-09-11","2021-09-12"
"83","Super Cup","Portugal","2023","False","2023-12-16","2023-12-17"
"83","Super Cup","Portugal","2015","False","2015-08-30","2015-08-30"
"83","Super Cup","Portugal","2024","False","2024-08-24","2024-08-25"
"83","Super Cup","Portugal","2019","False","2019-08-25","2019-08-25"
"83","Super Cup","Portugal","2016","False","2016-08-28","2016-08-28"
"83","Super Cup","Portugal","2012","False","2012-08-31","2012-09-02"
"83","Super Cup","Portugal","2013","False","2013-08-24","2013-08-24"
"83","Super Cup","Portugal","2017","False","2017-08-27","2017-08-27"
"83","Super Cup","Portugal","2018","False","2018-08-26","2018-08-26"
"83","Super Cup","Portugal","2025","False","2025-08-23","2025-08-23"
"83","Super Cup","Portugal","2026","False","2026-08-23","2026-08-23"
"86","Taca de Portugal","Portugal","2025","False","2025-12-01","2026-06-07"
"86","Taca de Portugal","Portugal","2018","False","2019-01-26","2019-06-01"
"86","Taca de Portugal","Portugal","2025","False","2024-12-20","2025-06-07"
"86","Taca de Portugal","Portugal","2022","False","2023-01-08","2023-06-11"
"86","Taca de Portugal","Portugal","2024","False","2024-02-03","2024-06-02"
"86","Taca de Portugal","Portugal","2021","False","2021-12-12","2022-06-12"
"86","Taca de Portugal","Portugal","2020","False","2020-12-02","2021-06-06"
"87","Liga Nationala","Romania","2013","False","2013-09-14","2014-05-25"
"87","Liga Nationala","Romania","2012","False","2012-09-13","2013-05-11"
"87","Liga Nationala","Romania","2014","False","2014-08-29","2015-05-30"
"87","Liga Nationala","Romania","2023","False","2023-08-23","2024-06-02"
"87","Liga Nationala","Romania","2025","False","2025-08-29","2026-05-31"
"87","Liga Nationala","Romania","2021","False","2021-08-28","2022-05-22"
"87","Liga Nationala","Romania","2024","False","2024-08-30","2025-05-31"
"87","Liga Nationala","Romania","2011","False","2011-09-07","2012-05-13"
"87","Liga Nationala","Romania","2022","False","2022-08-22","2023-05-21"
"87","Liga Nationala","Romania","2018","False","2018-09-05","2019-05-22"
"87","Liga Nationala","Romania","2017","False","2017-09-02","2018-06-02"
"87","Liga Nationala","Romania","2010","False","2010-09-03","2011-05-21"
"87","Liga Nationala","Romania","2016","False","2016-08-30","2017-06-17"
"87","Liga Nationala","Romania","2015","False","2015-08-22","2016-05-30"
"87","Liga Nationala","Romania","2026","True","2026-09-03","2027-05-22"
"88","Liga Nationala Women","Romania","2026","True","2026-08-26","2027-05-20"
"88","Liga Nationala Women","Romania","2018","False","2018-09-01","2019-05-19"
"88","Liga Nationala Women","Romania","2017","False","2017-09-03","2018-05-26"
"88","Liga Nationala Women","Romania","2010","False","2010-09-04","2011-05-15"
"88","Liga Nationala Women","Romania","2016","False","2016-09-09","2017-05-26"
"88","Liga Nationala Women","Romania","2015","False","2015-08-28","2016-05-31"
"88","Liga Nationala Women","Romania","2023","False","2023-08-30","2024-05-26"
"88","Liga Nationala Women","Romania","2011","False","2011-08-31","2012-05-15"
"88","Liga Nationala Women","Romania","2012","False","2012-09-05","2013-05-15"
"88","Liga Nationala Women","Romania","2022","False","2022-08-27","2023-06-04"
"88","Liga Nationala Women","Romania","2021","False","2021-08-31","2022-06-05"
"88","Liga Nationala Women","Romania","2025","False","2025-08-30","2026-05-31"
"88","Liga Nationala Women","Romania","2024","False","2024-08-29","2025-05-31"
"88","Liga Nationala Women","Romania","2014","False","2014-08-29","2015-05-31"
"88","Liga Nationala Women","Romania","2013","False","2013-09-04","2014-05-31"
"89","Romanian Cup","Romania","2022","False","2022-04-05","2022-05-15"
"89","Romanian Cup","Romania","2025","False","2024-11-09","2024-11-14"
"89","Romanian Cup","Romania","2024","False","2024-03-18","2024-05-19"
"89","Romanian Cup","Romania","2023","False","2023-04-02","2023-05-14"
"89","Romanian Cup","Romania","2020","False","2021-05-25","2021-05-30"
"89","Romanian Cup","Romania","2017","False","2017-12-06","2018-03-18"
"89","Romanian Cup","Romania","2018","False","2018-12-08","2019-03-10"
"90","Romanian Cup Women","Romania","2022","False","2022-03-23","2022-05-22"
"90","Romanian Cup Women","Romania","2017","False","2018-01-05","2018-04-01"
"90","Romanian Cup Women","Romania","2018","False","2018-12-22","2019-04-21"
"90","Romanian Cup Women","Romania","2024","False","2024-02-07","2024-04-21"
"90","Romanian Cup Women","Romania","2025","False","2025-02-04","2025-05-11"
"90","Romanian Cup Women","Romania","2023","False","2023-02-20","2023-05-21"
"90","Romanian Cup Women","Romania","2020","False","2021-08-24","2021-08-29"
"90","Romanian Cup Women","Romania","2026","False","2026-02-18","2026-05-10"
"208","Super Cup","Romania","2026","False","2026-08-21","2026-08-22"
"208","Super Cup","Romania","2024","False","2024-08-24","2024-08-25"
"208","Super Cup","Romania","2023","False","2023-08-19","2023-08-20"
"208","Super Cup","Romania","2025","False","2025-08-21","2025-08-22"
"209","Super Cup Women","Romania","2024","False","2024-08-22","2024-08-23"
"209","Super Cup Women","Romania","2023","False","2023-08-26","2023-08-27"
"209","Super Cup Women","Romania","2025","False","2025-08-23","2025-08-24"
"209","Super Cup Women","Romania","2026","False","2026-08-22","2026-08-23"
"93","Russian Cup","Russia","2025","False","2025-12-26","2026-03-15"
"93","Russian Cup","Russia","2025","False","2024-12-12","2025-04-05"
"93","Russian Cup","Russia","2020","False","2020-09-20","2021-05-08"
"93","Russian Cup","Russia","2024","False","2024-02-01","2024-04-14"
"93","Russian Cup","Russia","2021","False","2021-11-29","2022-03-13"
"93","Russian Cup","Russia","2015","False","2015-09-18","2015-12-17"
"93","Russian Cup","Russia","2017","False","2017-12-17","2018-05-25"
"93","Russian Cup","Russia","2018","False","2018-09-25","2019-03-17"
"93","Russian Cup","Russia","2012","False","2013-02-06","2013-04-24"
"93","Russian Cup","Russia","2013","False","2014-01-22","2014-05-04"
"93","Russian Cup","Russia","2014","False","2015-01-19","2015-04-03"
"93","Russian Cup","Russia","2023","False","2023-01-24","2023-05-01"
"93","Russian Cup","Russia","2016","False","2016-10-21","2017-04-16"
"96","Russian Cup Women","Russia","2023","False","2023-12-25","2024-04-07"
"96","Russian Cup Women","Russia","2020","False","2020-09-07","2021-03-03"
"96","Russian Cup Women","Russia","2021","False","2021-12-24","2022-04-10"
"96","Russian Cup Women","Russia","2022","False","2022-12-18","2023-04-29"
"96","Russian Cup Women","Russia","2024","False","2024-12-26","2025-04-20"
"96","Russian Cup Women","Russia","2025","False","2025-12-15","2026-04-05"
"95","Supercup","Russia","2026","False","2026-08-29","2026-08-29"
"95","Supercup","Russia","2025","False","2025-08-23","2025-08-23"
"95","Supercup","Russia","2020","False","2021-08-28","2021-08-28"
"95","Supercup","Russia","2018","False","2018-09-01","2018-09-01"
"95","Supercup","Russia","2023","False","2023-09-02","2023-09-02"
"95","Supercup","Russia","2024","False","2024-08-22","2024-08-22"
"95","Supercup","Russia","2022","False","2022-09-11","2022-09-11"
"94","Supercup Women","Russia","2020","False","2020-09-02","2020-09-02"
"94","Supercup Women","Russia","2023","False","2023-08-30","2023-08-30"
"94","Supercup Women","Russia","2021","False","2021-09-29","2021-09-29"
"94","Supercup Women","Russia","2018","False","2018-08-31","2018-08-31"
"94","Supercup Women","Russia","2024","False","2024-09-03","2024-09-03"
"94","Supercup Women","Russia","2022","False","2022-09-10","2022-09-10"
"94","Supercup Women","Russia","2026","False","2026-09-04","2026-09-04"
"94","Supercup Women","Russia","2025","False","2025-08-30","2025-08-30"
"91","Superleague","Russia","2026","True","2026-08-30","2027-03-21"
"91","Superleague","Russia","2025","False","2025-08-28","2026-06-06"
"91","Superleague","Russia","2015","False","2015-09-01","2016-06-01"
"91","Superleague","Russia","2018","False","2018-09-04","2019-05-30"
"91","Superleague","Russia","2014","False","2014-09-03","2015-05-28"
"91","Superleague","Russia","2013","False","2013-09-03","2014-05-24"
"91","Superleague","Russia","2023","False","2023-09-03","2024-05-27"
"91","Superleague","Russia","2012","False","2012-09-05","2013-05-28"
"91","Superleague","Russia","2011","False","2011-09-10","2012-05-22"
"91","Superleague","Russia","2024","False","2024-08-26","2025-06-01"
"91","Superleague","Russia","2017","False","2017-09-06","2018-05-20"
"91","Superleague","Russia","2022","False","2022-09-13","2023-06-03"
"91","Superleague","Russia","2016","False","2016-09-07","2017-05-27"
"91","Superleague","Russia","2021","False","2021-09-01","2022-05-28"
"92","Superleague Women","Russia","2017","False","2017-09-03","2018-05-02"
"92","Superleague Women","Russia","2021","False","2021-08-28","2022-05-29"
"92","Superleague Women","Russia","2018","False","2018-09-02","2019-05-21"
"92","Superleague Women","Russia","2022","False","2022-09-11","2023-06-04"
"92","Superleague Women","Russia","2016","False","2016-09-07","2017-05-24"
"92","Superleague Women","Russia","2015","False","2015-09-10","2016-05-19"
"92","Superleague Women","Russia","2023","False","2023-09-06","2024-05-30"
"92","Superleague Women","Russia","2024","False","2024-09-06","2025-05-27"
"92","Superleague Women","Russia","2011","False","2011-09-06","2012-05-10"
"92","Superleague Women","Russia","2012","False","2012-09-07","2013-04-24"
"92","Superleague Women","Russia","2014","False","2014-09-10","2015-05-07"
"92","Superleague Women","Russia","2013","False","2013-09-04","2014-05-25"
"92","Superleague Women","Russia","2025","False","2025-09-04","2026-05-29"
"92","Superleague Women","Russia","2026","True","2026-09-08","2027-02-27"
"97","Superliga","Serbia","2025","False","2025-09-13","2026-04-25"
"97","Superliga","Serbia","2021","False","2021-09-18","2022-05-28"
"97","Superliga","Serbia","2023","False","2023-09-09","2024-05-26"
"97","Superliga","Serbia","2018","False","2018-09-22","2019-05-25"
"97","Superliga","Serbia","2024","False","2024-09-13","2025-06-04"
"97","Superliga","Serbia","2014","False","2014-09-19","2015-05-30"
"97","Superliga","Serbia","2013","False","2013-09-13","2014-06-04"
"97","Superliga","Serbia","2012","False","2012-09-15","2013-05-11"
"97","Superliga","Serbia","2011","False","2011-09-17","2012-06-02"
"97","Superliga","Serbia","2017","False","2017-09-23","2018-06-01"
"97","Superliga","Serbia","2016","False","2016-09-10","2017-06-03"
"97","Superliga","Serbia","2022","False","2022-09-17","2023-05-09"
"97","Superliga","Serbia","2010","False","2010-09-18","2011-06-04"
"97","Superliga","Serbia","2015","False","2015-09-19","2016-05-29"
"210","Superliga Women","Serbia","2022","False","2022-09-10","2023-05-23"
"210","Superliga Women","Serbia","2023","False","2023-09-16","2024-03-23"
"98","Extraliga","Slovakia","2010","False","2010-09-04","2011-05-14"
"98","Extraliga","Slovakia","2016","False","2016-09-02","2017-05-27"
"98","Extraliga","Slovakia","2022","False","2022-09-02","2023-05-21"
"98","Extraliga","Slovakia","2024","False","2024-08-29","2025-06-07"
"98","Extraliga","Slovakia","2025","False","2025-08-29","2026-06-02"
"98","Extraliga","Slovakia","2021","False","2021-09-04","2022-05-28"
"98","Extraliga","Slovakia","2023","False","2023-09-01","2024-06-01"
"98","Extraliga","Slovakia","2017","False","2017-08-31","2018-05-27"
"98","Extraliga","Slovakia","2018","False","2018-08-31","2019-05-29"
"98","Extraliga","Slovakia","2011","False","2011-09-03","2012-05-19"
"98","Extraliga","Slovakia","2015","False","2015-09-04","2016-05-21"
"98","Extraliga","Slovakia","2012","False","2012-08-31","2013-06-02"
"98","Extraliga","Slovakia","2014","False","2014-08-27","2015-05-20"
"98","Extraliga","Slovakia","2013","False","2013-08-28","2014-05-21"
"98","Extraliga","Slovakia","2026","True","2026-09-02","2027-01-30"
"211","Slovakia Cup","Slovakia","2022","False","2022-11-15","2023-03-18"
"211","Slovakia Cup","Slovakia","2021","False","2022-01-28","2022-04-10"
"211","Slovakia Cup","Slovakia","2023","False","2023-10-04","2024-03-09"
"212","Slovenian Cup","Slovakia","2023","False","2023-12-06","2024-03-20"
"212","Slovenian Cup","Slovakia","2022","False","2022-12-06","2023-05-07"
"100","1. NLB Liga","Slovenia","2024","False","2024-09-04","2025-06-07"
"100","1. NLB Liga","Slovenia","2017","False","2017-09-08","2018-05-25"
"100","1. NLB Liga","Slovenia","2018","False","2018-09-07","2019-06-01"
"100","1. NLB Liga","Slovenia","2025","False","2025-09-05","2026-06-06"
"100","1. NLB Liga","Slovenia","2022","False","2022-09-09","2023-05-27"
"100","1. NLB Liga","Slovenia","2023","False","2023-09-08","2024-05-25"
"100","1. NLB Liga","Slovenia","2021","False","2021-09-10","2022-05-27"
"100","1. NLB Liga","Slovenia","2026","True","2026-09-02","2027-03-20"
"99","1.A DRL Women","Slovenia","2016","False","2016-09-14","2017-04-22"
"99","1.A DRL Women","Slovenia","2017","False","2017-09-15","2018-05-19"
"99","1.A DRL Women","Slovenia","2018","False","2018-09-11","2019-05-19"
"99","1.A DRL Women","Slovenia","2023","False","2023-09-16","2024-05-18"
"99","1.A DRL Women","Slovenia","2024","False","2024-09-11","2025-03-18"
"99","1.A DRL Women","Slovenia","2022","False","2022-09-08","2023-05-20"
"99","1.A DRL Women","Slovenia","2014","False","2014-09-19","2015-05-09"
"99","1.A DRL Women","Slovenia","2013","False","2013-09-13","2014-05-10"
"99","1.A DRL Women","Slovenia","2012","False","2012-09-15","2013-05-11"
"99","1.A DRL Women","Slovenia","2011","False","2011-09-15","2012-05-14"
"99","1.A DRL Women","Slovenia","2010","False","2010-09-11","2011-05-14"
"99","1.A DRL Women","Slovenia","2021","False","2021-09-06","2022-05-28"
"99","1.A DRL Women","Slovenia","2015","False","2015-09-19","2016-05-07"
"102","1st League","South-Korea","2022","False","2022-11-19","2023-05-09"
"102","1st League","South-Korea","2020","False","2020-11-27","2021-02-15"
"102","1st League","South-Korea","2015","False","2015-04-04","2015-06-07"
"102","1st League","South-Korea","2017","False","2017-02-03","2017-07-12"
"102","1st League","South-Korea","2023","False","2023-11-11","2024-04-21"
"102","1st League","South-Korea","2016","False","2016-03-05","2016-10-02"
"102","1st League","South-Korea","2021","False","2021-12-03","2022-03-30"
"102","1st League","South-Korea","2018","False","2018-11-02","2019-04-21"
"101","1st League Women","South-Korea","2015","False","2015-04-04","2015-06-06"
"101","1st League Women","South-Korea","2022","False","2023-01-05","2023-05-07"
"101","1st League Women","South-Korea","2021","False","2022-01-06","2022-03-31"
"101","1st League Women","South-Korea","2023","False","2023-11-11","2024-04-20"
"101","1st League Women","South-Korea","2016","False","2016-01-29","2016-10-03"
"101","1st League Women","South-Korea","2017","False","2017-02-03","2017-07-12"
"101","1st League Women","South-Korea","2018","False","2018-11-02","2019-04-22"
"101","1st League Women","South-Korea","2020","False","2020-11-28","2021-02-26"
"105","Copa Asobal","Spain","2014","False","2014-12-20","2014-12-21"
"105","Copa Asobal","Spain","2023","False","2023-12-16","2023-12-17"
"105","Copa Asobal","Spain","2013","False","2013-12-21","2013-12-22"
"105","Copa Asobal","Spain","2012","False","2012-12-21","2012-12-22"
"105","Copa Asobal","Spain","2023","False","2023-03-18","2023-03-19"
"105","Copa Asobal","Spain","2011","False","2011-12-21","2011-12-22"
"105","Copa Asobal","Spain","2024","False","2025-02-08","2025-02-09"
"105","Copa Asobal","Spain","2021","False","2021-06-05","2021-06-06"
"105","Copa Asobal","Spain","2022","False","2022-06-04","2022-06-05"
"105","Copa Asobal","Spain","2018","False","2018-12-15","2018-12-16"
"105","Copa Asobal","Spain","2017","False","2017-12-16","2017-12-17"
"105","Copa Asobal","Spain","2016","False","2016-12-17","2016-12-18"
"105","Copa Asobal","Spain","2015","False","2015-12-19","2015-12-20"
"105","Copa Asobal","Spain","2026","False","2026-02-07","2026-02-08"
"110","Copa de la Reina Women","Spain","2026","False","2026-02-04","2026-05-10"
"110","Copa de la Reina Women","Spain","2019","False","2019-04-26","2019-04-28"
"110","Copa de la Reina Women","Spain","2024","False","2024-01-17","2024-05-12"
"110","Copa de la Reina Women","Spain","2023","False","2023-01-28","2023-04-23"
"110","Copa de la Reina Women","Spain","2020","False","2021-01-25","2021-05-23"
"110","Copa de la Reina Women","Spain","2025","False","2025-01-29","2025-03-16"
"110","Copa de la Reina Women","Spain","2022","False","2022-01-26","2022-05-01"
"107","Copa del Rey","Spain","2018","False","2018-09-29","2019-04-07"
"107","Copa del Rey","Spain","2014","False","2014-10-04","2015-06-07"
"107","Copa del Rey","Spain","2013","False","2013-11-06","2014-05-04"
"107","Copa del Rey","Spain","2012","False","2012-12-04","2013-05-04"
"107","Copa del Rey","Spain","2024","False","2024-03-19","2024-06-02"
"107","Copa del Rey","Spain","2022","False","2022-11-08","2023-05-07"
"107","Copa del Rey","Spain","2020","False","2021-03-05","2021-03-07"
"107","Copa del Rey","Spain","2017","False","2017-09-29","2018-05-06"
"107","Copa del Rey","Spain","2025","False","2025-03-04","2025-06-08"
"107","Copa del Rey","Spain","2021","False","2021-12-14","2022-03-27"
"107","Copa del Rey","Spain","2016","False","2016-10-01","2017-06-11"
"107","Copa del Rey","Spain","2015","False","2015-10-01","2016-05-08"
"107","Copa del Rey","Spain","2026","False","2026-03-21","2026-06-07"
"104","Division de Honor Plata","Spain","2026","True","2026-09-13","2027-05-02"
"104","Division de Honor Plata","Spain","2023","False","2023-09-16","2024-05-26"
"104","Division de Honor Plata","Spain","2017","False","2017-09-08","2018-06-03"
"104","Division de Honor Plata","Spain","2016","False","2016-09-10","2017-05-28"
"104","Division de Honor Plata","Spain","2024","False","2024-09-14","2025-05-25"
"104","Division de Honor Plata","Spain","2015","False","2015-09-05","2016-06-05"
"104","Division de Honor Plata","Spain","2014","False","2014-09-13","2015-05-31"
"104","Division de Honor Plata","Spain","2013","False","2013-09-14","2014-05-25"
"104","Division de Honor Plata","Spain","2012","False","2012-10-06","2013-05-12"
"104","Division de Honor Plata","Spain","2011","False","2011-09-16","2012-05-27"
"104","Division de Honor Plata","Spain","2021","False","2021-09-25","2022-05-28"
"104","Division de Honor Plata","Spain","2025","False","2025-09-13","2026-05-24"
"104","Division de Honor Plata","Spain","2022","False","2022-09-17","2023-05-27"
"104","Division de Honor Plata","Spain","2018","False","2018-09-15","2019-06-08"
"108","Division de Honor Women","Spain","2023","False","2023-09-02","2024-06-01"
"108","Division de Honor Women","Spain","2024","False","2024-08-30","2025-05-31"
"108","Division de Honor Women","Spain","2014","False","2014-09-12","2015-05-30"
"108","Division de Honor Women","Spain","2017","False","2017-09-06","2018-05-26"
"108","Division de Honor Women","Spain","2015","False","2015-09-05","2016-05-28"
"108","Division de Honor Women","Spain","2018","False","2018-09-07","2019-05-25"
"108","Division de Honor Women","Spain","2012","False","2012-09-08","2013-05-11"
"108","Division de Honor Women","Spain","2011","False","2011-09-10","2012-05-12"
"108","Division de Honor Women","Spain","2010","False","2010-09-11","2011-05-11"
"108","Division de Honor Women","Spain","2021","False","2021-09-10","2022-05-28"
"108","Division de Honor Women","Spain","2025","False","2025-08-30","2026-05-31"
"108","Division de Honor Women","Spain","2022","False","2022-09-02","2023-05-31"
"108","Division de Honor Women","Spain","2013","False","2013-09-13","2014-05-17"
"108","Division de Honor Women","Spain","2026","True","2026-09-09","2027-05-01"
"103","Liga ASOBAL","Spain","2026","True","2026-09-11","2027-06-05"
"103","Liga ASOBAL","Spain","2025","False","2025-09-12","2026-06-13"
"103","Liga ASOBAL","Spain","2022","False","2022-09-03","2023-06-11"
"103","Liga ASOBAL","Spain","2015","False","2015-09-04","2016-06-04"
"103","Liga ASOBAL","Spain","2016","False","2016-09-07","2017-05-27"
"103","Liga ASOBAL","Spain","2017","False","2017-09-06","2018-05-19"
"103","Liga ASOBAL","Spain","2018","False","2018-09-07","2019-05-25"
"103","Liga ASOBAL","Spain","2023","False","2023-09-06","2024-06-08"
"103","Liga ASOBAL","Spain","2021","False","2021-09-11","2022-06-04"
"103","Liga ASOBAL","Spain","2014","False","2014-09-03","2015-05-23"
"103","Liga ASOBAL","Spain","2013","False","2013-09-13","2014-05-25"
"103","Liga ASOBAL","Spain","2012","False","2012-09-07","2013-05-25"
"103","Liga ASOBAL","Spain","2011","False","2011-09-09","2012-06-02"
"103","Liga ASOBAL","Spain","2010","False","2010-09-10","2011-05-21"
"103","Liga ASOBAL","Spain","2024","False","2024-09-13","2025-06-07"
"106","Supercopa","Spain","2012","False","2012-09-08","2012-09-08"
"106","Supercopa","Spain","2013","False","2013-09-06","2013-09-06"
"106","Supercopa","Spain","2014","False","2014-08-31","2014-08-31"
"106","Supercopa","Spain","2015","False","2015-09-02","2015-09-02"
"106","Supercopa","Spain","2016","False","2016-09-03","2016-09-03"
"106","Supercopa","Spain","2017","False","2017-09-03","2017-09-03"
"106","Supercopa","Spain","2018","False","2018-09-02","2018-09-02"
"106","Supercopa","Spain","2021","False","2021-09-04","2021-09-04"
"109","Supercopa Women","Spain","2021","False","2021-09-04","2021-09-04"
"109","Supercopa Women","Spain","2022","False","2022-12-18","2022-12-18"
"109","Supercopa Women","Spain","2018","False","2018-09-01","2018-09-01"
"111","Allsvenskan","Sweden","2021","False","2021-09-18","2022-04-27"
"111","Allsvenskan","Sweden","2024","False","2024-09-06","2025-04-06"
"111","Allsvenskan","Sweden","2014","False","2014-09-20","2015-04-29"
"111","Allsvenskan","Sweden","2025","False","2025-09-17","2026-04-16"
"111","Allsvenskan","Sweden","2015","False","2015-09-19","2016-04-16"
"111","Allsvenskan","Sweden","2016","False","2016-09-23","2017-05-03"
"111","Allsvenskan","Sweden","2013","False","2013-09-21","2014-04-27"
"111","Allsvenskan","Sweden","2012","False","2012-09-09","2013-04-24"
"111","Allsvenskan","Sweden","2017","False","2017-09-16","2018-04-22"
"111","Allsvenskan","Sweden","2018","False","2018-09-14","2019-04-18"
"111","Allsvenskan","Sweden","2011","False","2011-09-11","2012-03-22"
"111","Allsvenskan","Sweden","2022","False","2022-09-17","2023-04-15"
"111","Allsvenskan","Sweden","2023","False","2023-09-16","2024-04-17"
"111","Allsvenskan","Sweden","2010","False","2010-09-16","2011-04-29"
"111","Allsvenskan","Sweden","2026","True","2026-09-17","2027-03-23"
"112","Allsvenskan Women","Sweden","2026","True","2026-09-23","2027-03-20"
"112","Allsvenskan Women","Sweden","2024","False","2024-09-13","2025-04-20"
"112","Allsvenskan Women","Sweden","2021","False","2021-10-02","2022-04-09"
"112","Allsvenskan Women","Sweden","2023","False","2023-09-16","2024-04-17"
"112","Allsvenskan Women","Sweden","2013","False","2013-09-21","2014-04-12"
"112","Allsvenskan Women","Sweden","2012","False","2012-09-15","2013-03-16"
"112","Allsvenskan Women","Sweden","2011","False","2011-04-09","2012-04-14"
"112","Allsvenskan Women","Sweden","2010","False","2010-09-25","2011-03-09"
"112","Allsvenskan Women","Sweden","2015","False","2015-09-26","2016-04-03"
"112","Allsvenskan Women","Sweden","2016","False","2016-09-29","2017-04-22"
"112","Allsvenskan Women","Sweden","2017","False","2017-09-29","2018-04-11"
"112","Allsvenskan Women","Sweden","2018","False","2018-09-28","2019-04-07"
"112","Allsvenskan Women","Sweden","2022","False","2022-09-16","2023-04-01"
"112","Allsvenskan Women","Sweden","2025","False","2025-09-24","2026-04-15"
"113","Handbollsligan","Sweden","2011","False","2011-09-13","2012-05-12"
"113","Handbollsligan","Sweden","2016","False","2016-09-13","2017-05-27"
"113","Handbollsligan","Sweden","2024","False","2024-09-12","2025-05-23"
"113","Handbollsligan","Sweden","2015","False","2015-09-11","2016-05-22"
"113","Handbollsligan","Sweden","2017","False","2017-09-01","2018-05-10"
"113","Handbollsligan","Sweden","2010","False","2010-09-13","2011-05-07"
"113","Handbollsligan","Sweden","2012","False","2012-09-12","2013-05-09"
"113","Handbollsligan","Sweden","2021","False","2021-09-10","2022-05-27"
"113","Handbollsligan","Sweden","2013","False","2013-09-18","2014-05-24"
"113","Handbollsligan","Sweden","2014","False","2014-09-10","2015-05-24"
"113","Handbollsligan","Sweden","2022","False","2022-09-13","2023-05-29"
"113","Handbollsligan","Sweden","2018","False","2018-09-05","2019-05-24"
"113","Handbollsligan","Sweden","2025","False","2025-09-17","2026-05-29"
"113","Handbollsligan","Sweden","2023","False","2023-09-15","2024-05-28"
"113","Handbollsligan","Sweden","2026","True","2026-09-23","2027-03-18"
"114","SHE Women","Sweden","2024","False","2024-09-14","2025-05-15"
"114","SHE Women","Sweden","2026","False","2026-09-30","2027-03-16"
"114","SHE Women","Sweden","2025","False","2025-09-24","2026-05-24"
"114","SHE Women","Sweden","2018","False","2018-09-12","2019-05-19"
"114","SHE Women","Sweden","2017","False","2017-09-13","2018-05-10"
"114","SHE Women","Sweden","2021","False","2021-09-15","2022-05-25"
"114","SHE Women","Sweden","2010","False","2010-09-13","2011-05-07"
"114","SHE Women","Sweden","2013","False","2013-09-20","2014-05-24"
"114","SHE Women","Sweden","2011","False","2011-09-11","2012-05-12"
"114","SHE Women","Sweden","2012","False","2012-09-11","2013-05-09"
"114","SHE Women","Sweden","2022","False","2022-09-07","2023-05-28"
"114","SHE Women","Sweden","2014","False","2014-09-17","2015-05-24"
"114","SHE Women","Sweden","2023","False","2023-09-05","2024-03-27"
"114","SHE Women","Sweden","2016","False","2016-09-17","2017-05-27"
"114","SHE Women","Sweden","2015","False","2015-09-16","2016-05-22"
"128","Swedish Cup","Sweden","2024","False","2024-08-17","2025-02-08"
"128","Swedish Cup","Sweden","2025","False","2025-08-13","2026-03-29"
"128","Swedish Cup","Sweden","2022","False","2022-08-10","2023-03-14"
"128","Swedish Cup","Sweden","2021","False","2021-08-12","2022-02-05"
"128","Swedish Cup","Sweden","2023","False","2023-08-13","2024-03-10"
"128","Swedish Cup","Sweden","2026","False","2026-08-20","2026-09-20"
"129","Swedish Cup Women","Sweden","2026","True","2026-08-16","2027-02-27"
"129","Swedish Cup Women","Sweden","2024","False","2024-08-14","2025-03-02"
"129","Swedish Cup Women","Sweden","2025","False","2025-08-13","2026-03-15"
"129","Swedish Cup Women","Sweden","2021","False","2021-08-14","2022-01-18"
"129","Swedish Cup Women","Sweden","2022","False","2022-08-17","2023-03-12"
"129","Swedish Cup Women","Sweden","2023","False","2023-08-16","2024-02-25"
"115","NLA","Switzerland","2018","False","2018-08-29","2019-05-23"
"115","NLA","Switzerland","2017","False","2017-08-30","2018-05-21"
"115","NLA","Switzerland","2025","False","2025-08-27","2026-05-30"
"115","NLA","Switzerland","2011","False","2011-09-02","2012-06-01"
"115","NLA","Switzerland","2016","False","2016-08-31","2017-05-20"
"115","NLA","Switzerland","2015","False","2015-08-29","2016-05-26"
"115","NLA","Switzerland","2021","False","2021-09-01","2022-06-07"
"115","NLA","Switzerland","2023","False","2023-09-03","2024-06-02"
"115","NLA","Switzerland","2012","False","2012-09-05","2013-05-25"
"115","NLA","Switzerland","2022","False","2022-09-01","2023-06-08"
"115","NLA","Switzerland","2013","False","2013-09-04","2014-05-18"
"115","NLA","Switzerland","2024","False","2024-08-28","2025-05-25"
"115","NLA","Switzerland","2014","False","2014-09-03","2015-05-26"
"115","NLA","Switzerland","2010","False","2010-09-03","2011-05-25"
"115","NLA","Switzerland","2026","True","2026-08-26","2026-12-19"
"117","Schweizer Cup","Switzerland","2026","True","2026-08-16","2026-10-11"
"117","Schweizer Cup","Switzerland","2012","False","2012-10-24","2013-04-14"
"117","Schweizer Cup","Switzerland","2025","False","2025-08-23","2025-12-28"
"117","Schweizer Cup","Switzerland","2011","False","2011-11-23","2012-04-15"
"117","Schweizer Cup","Switzerland","2015","False","2015-10-27","2016-05-08"
"117","Schweizer Cup","Switzerland","2016","False","2016-09-30","2017-02-05"
"117","Schweizer Cup","Switzerland","2013","False","2013-10-23","2014-05-04"
"117","Schweizer Cup","Switzerland","2017","False","2017-08-16","2017-12-21"
"117","Schweizer Cup","Switzerland","2018","False","2018-08-18","2019-03-17"
"117","Schweizer Cup","Switzerland","2014","False","2014-10-29","2015-05-10"
"117","Schweizer Cup","Switzerland","2022","False","2022-08-20","2023-05-06"
"117","Schweizer Cup","Switzerland","2023","False","2023-08-23","2024-04-27"
"117","Schweizer Cup","Switzerland","2024","False","2024-08-17","2025-03-01"
"117","Schweizer Cup","Switzerland","2021","False","2021-08-19","2022-05-07"
"118","Schweizer Cup Women","Switzerland","2023","False","2023-08-24","2024-04-27"
"118","Schweizer Cup Women","Switzerland","2017","False","2017-08-17","2018-04-29"
"118","Schweizer Cup Women","Switzerland","2018","False","2018-08-21","2019-03-17"
"118","Schweizer Cup Women","Switzerland","2025","False","2025-08-21","2026-02-22"
"118","Schweizer Cup Women","Switzerland","2015","False","2015-11-04","2016-05-08"
"118","Schweizer Cup Women","Switzerland","2024","False","2024-08-23","2025-03-01"
"118","Schweizer Cup Women","Switzerland","2013","False","2013-10-23","2014-05-04"
"118","Schweizer Cup Women","Switzerland","2011","False","2011-12-13","2012-04-15"
"118","Schweizer Cup Women","Switzerland","2022","False","2022-08-28","2023-05-06"
"118","Schweizer Cup Women","Switzerland","2012","False","2012-10-21","2013-04-14"
"118","Schweizer Cup Women","Switzerland","2016","False","2016-10-19","2017-02-05"
"118","Schweizer Cup Women","Switzerland","2021","False","2021-10-09","2022-05-07"
"118","Schweizer Cup Women","Switzerland","2014","False","2014-10-23","2015-05-10"
"118","Schweizer Cup Women","Switzerland","2026","True","2026-08-20","2026-10-18"
"116","SPL Women","Switzerland","2026","True","2026-08-29","2027-01-30"
"116","SPL Women","Switzerland","2023","False","2023-09-02","2024-05-31"
"116","SPL Women","Switzerland","2017","False","2017-09-10","2018-05-22"
"116","SPL Women","Switzerland","2022","False","2022-09-03","2023-05-20"
"116","SPL Women","Switzerland","2024","False","2024-08-31","2025-05-24"
"116","SPL Women","Switzerland","2025","False","2025-08-30","2026-05-31"
"116","SPL Women","Switzerland","2012","False","2012-09-04","2013-04-27"
"116","SPL Women","Switzerland","2014","False","2014-09-02","2015-05-23"
"116","SPL Women","Switzerland","2018","False","2018-09-01","2019-05-22"
"116","SPL Women","Switzerland","2011","False","2011-09-03","2012-05-05"
"116","SPL Women","Switzerland","2010","False","2010-09-04","2011-05-11"
"116","SPL Women","Switzerland","2021","False","2021-09-04","2022-05-29"
"116","SPL Women","Switzerland","2016","False","2016-09-07","2017-05-28"
"116","SPL Women","Switzerland","2013","False","2013-09-04","2014-04-30"
"116","SPL Women","Switzerland","2015","False","2015-09-08","2016-05-19"
"119","Super Cup","Switzerland","2016","False","2016-09-04","2016-09-04"
"119","Super Cup","Switzerland","2015","False","2015-09-06","2015-09-06"
"119","Super Cup","Switzerland","2017","False","2017-09-03","2017-09-03"
"119","Super Cup","Switzerland","2020","False","2021-08-28","2021-08-28"
"119","Super Cup","Switzerland","2014","False","2014-08-30","2014-08-30"
"119","Super Cup","Switzerland","2013","False","2013-08-31","2013-08-31"
"119","Super Cup","Switzerland","2024","False","2024-08-24","2024-08-24"
"119","Super Cup","Switzerland","2018","False","2018-08-26","2018-08-26"
"119","Super Cup","Switzerland","2022","False","2022-08-21","2022-08-21"
"119","Super Cup","Switzerland","2023","False","2023-08-20","2023-08-20"
"130","Super Cup Women","Switzerland","2024","False","2024-08-24","2024-08-24"
"130","Super Cup Women","Switzerland","2022","False","2022-08-21","2022-08-21"
"130","Super Cup Women","Switzerland","2023","False","2023-08-20","2023-08-20"
"130","Super Cup Women","Switzerland","2021","False","2021-08-28","2021-08-28"
"120","Superlig","Turkey","2022","False","2022-09-10","2023-06-10"
"120","Superlig","Turkey","2015","False","2015-09-12","2016-06-03"
"120","Superlig","Turkey","2018","False","2018-09-22","2019-05-19"
"120","Superlig","Turkey","2017","False","2017-09-15","2018-05-06"
"120","Superlig","Turkey","2016","False","2016-09-17","2017-04-30"
"120","Superlig","Turkey","2013","False","2013-09-14","2014-05-23"
"120","Superlig","Turkey","2014","False","2014-09-20","2015-05-31"
"120","Superlig","Turkey","2021","False","2021-09-17","2022-05-22"
"120","Superlig","Turkey","2023","False","2023-08-27","2024-05-29"
"120","Superlig","Turkey","2024","False","2024-08-31","2025-05-25"
"120","Superlig","Turkey","2026","True","2026-08-29","2027-02-14"
"120","Superlig","Turkey","2025","False","2025-08-30","2026-05-31"
"121","Superlig Women","Turkey","2025","False","2025-09-05","2026-05-23"
"121","Superlig Women","Turkey","2026","True","2026-08-30","2027-01-23"
"121","Superlig Women","Turkey","2024","False","2024-08-31","2025-05-20"
"121","Superlig Women","Turkey","2023","False","2023-08-26","2024-05-26"
"121","Superlig Women","Turkey","2021","False","2021-09-12","2022-05-28"
"121","Superlig Women","Turkey","2018","False","2018-09-09","2019-04-28"
"121","Superlig Women","Turkey","2022","False","2022-09-11","2023-06-10"
"122","Superleague","Ukraine","2020","False","2020-09-12","2021-05-07"
"122","Superleague","Ukraine","2011","False","2011-09-12","2012-05-14"
"122","Superleague","Ukraine","2024","False","2024-09-20","2025-05-17"
"122","Superleague","Ukraine","2023","False","2023-09-22","2024-06-09"
"122","Superleague","Ukraine","2022","False","2022-10-21","2023-05-04"
"122","Superleague","Ukraine","2014","False","2014-09-27","2015-05-28"
"122","Superleague","Ukraine","2013","False","2013-09-14","2014-05-08"
"122","Superleague","Ukraine","2012","False","2012-09-03","2013-05-30"
"122","Superleague","Ukraine","2021","False","2021-09-08","2022-04-30"
"122","Superleague","Ukraine","2018","False","2018-09-08","2019-05-27"
"122","Superleague","Ukraine","2015","False","2015-09-05","2016-05-21"
"122","Superleague","Ukraine","2017","False","2017-09-16","2018-05-25"
"122","Superleague","Ukraine","2026","True","2026-09-18","2027-05-15"
"122","Superleague","Ukraine","2025","False","2025-09-19","2026-05-29"
"194","Club Friendly","World","2026","False","2026-01-21","2026-09-04"
"194","Club Friendly","World","2021","False","2021-01-19","2021-11-14"
"194","Club Friendly","World","2022","False","2022-05-13","2022-12-10"
"194","Club Friendly","World","2025","False","2025-01-17","2025-08-29"
"194","Club Friendly","World","2018","False","2018-01-13","2018-09-12"
"194","Club Friendly","World","2023","False","2023-01-11","2023-12-10"
"194","Club Friendly","World","2019","False","2019-01-16","2019-03-06"
"194","Club Friendly","World","2024","False","2024-01-17","2024-09-13"
"195","Club Friendly Women","World","2021","False","2021-02-05","2021-09-09"
"195","Club Friendly Women","World","2018","False","2018-08-03","2018-09-13"
"195","Club Friendly Women","World","2022","False","2022-05-14","2022-09-13"
"195","Club Friendly Women","World","2024","False","2024-03-06","2024-12-13"
"195","Club Friendly Women","World","2023","False","2023-03-17","2023-12-15"
"195","Club Friendly Women","World","2017","False","2017-08-04","2017-12-28"
"195","Club Friendly Women","World","2026","False","2026-07-22","2026-09-04"
"195","Club Friendly Women","World","2025","False","2025-07-23","2025-08-29"
"196","Friendly International","World","2026","False","2026-01-05","2026-08-15"
"196","Friendly International","World","2024","False","2024-01-01","2024-07-23"
"196","Friendly International","World","2019","False","2019-01-03","2019-03-09"
"196","Friendly International","World","2018","False","2018-01-03","2018-12-30"
"196","Friendly International","World","2025","False","2025-01-03","2025-12-15"
"196","Friendly International","World","2022","False","2022-01-03","2022-10-14"
"196","Friendly International","World","2023","False","2023-01-03","2023-12-29"
"196","Friendly International","World","2021","False","2021-01-05","2021-12-30"
"197","Friendly International Women","World","2019","False","2019-03-21","2019-03-24"
"197","Friendly International Women","World","2021","False","2021-03-18","2021-11-29"
"197","Friendly International Women","World","2022","False","2022-03-05","2022-11-03"
"197","Friendly International Women","World","2024","False","2024-04-06","2024-11-24"
"197","Friendly International Women","World","2018","False","2018-03-22","2018-11-25"
"197","Friendly International Women","World","2023","False","2023-03-02","2023-11-27"
"197","Friendly International Women","World","2025","False","2025-03-06","2025-11-23"
"197","Friendly International Women","World","2026","True","2026-06-03","2026-10-24"
"168","IHF Emerging Nations Championship","World","2019","False","2018-10-22","2019-06-16"
"168","IHF Emerging Nations Championship","World","2025","False","2025-03-11","2025-03-16"
"168","IHF Emerging Nations Championship","World","2017","False","2017-06-12","2017-06-18"
"168","IHF Emerging Nations Championship","World","2023","False","2023-04-25","2023-04-30"
"167","Intersport Cup Women","World","2022","False","2022-10-27","2022-10-30"
"167","Intersport Cup Women","World","2021","False","2021-11-25","2021-11-28"
"161","Mediterranean Games","World","2022","False","2022-06-27","2022-07-06"
"161","Mediterranean Games","World","2018","False","2018-06-23","2018-07-01"
"161","Mediterranean Games","World","2013","False","2013-06-23","2013-06-30"
"161","Mediterranean Games","World","2026","False","2026-08-23","2026-08-31"
"160","Mediterranean Games Women","World","2026","False","2026-08-22","2026-09-01"
"160","Mediterranean Games Women","World","2018","False","2018-06-23","2018-06-30"
"160","Mediterranean Games Women","World","2022","False","2022-06-30","2022-07-06"
"160","Mediterranean Games Women","World","2013","False","2013-06-22","2013-06-29"
"155","Olympic Games","World","2024","False","2023-10-18","2024-08-11"
"155","Olympic Games","World","2012","False","2012-04-06","2012-08-12"
"155","Olympic Games","World","2016","False","2015-11-14","2016-08-21"
"155","Olympic Games","World","2020","False","2019-10-17","2021-08-07"
"156","Olympic Games Women","World","2023","False","2023-08-17","2024-08-10"
"156","Olympic Games Women","World","2020","False","2019-09-23","2021-08-08"
"156","Olympic Games Women","World","2016","False","2015-10-20","2016-08-20"
"156","Olympic Games Women","World","2012","False","2012-05-25","2012-08-11"
"172","Pan American Championship","World","2016","False","2016-06-11","2016-06-19"
"172","Pan American Championship","World","2018","False","2018-06-16","2018-06-24"
"174","Pan American Championship Women","World","2015","False","2015-05-21","2015-05-28"
"174","Pan American Championship Women","World","2017","False","2017-06-18","2017-06-25"
"171","Pan American Club Championship","World","2016","False","2016-05-25","2016-05-29"
"171","Pan American Club Championship","World","2018","False","2018-05-23","2018-05-27"
"171","Pan American Club Championship","World","2017","False","2017-05-24","2017-05-28"
"173","Pan American Club Championship Women","World","2017","False","2017-10-23","2017-10-28"
"170","Pan American Games","World","2019","False","2019-07-31","2019-08-06"
"170","Pan American Games","World","2015","False","2015-07-17","2015-07-26"
"170","Pan American Games","World","2023","False","2023-10-30","2023-11-04"
"169","Pan American Games Women","World","2023","False","2023-10-24","2023-10-29"
"169","Pan American Games Women","World","2019","False","2019-07-24","2019-07-31"
"169","Pan American Games Women","World","2015","False","2015-07-16","2015-07-25"
"213","Posten Cup Women","World","2025","False","2025-11-20","2025-11-23"
"213","Posten Cup Women","World","2023","False","2023-11-23","2023-11-26"
"213","Posten Cup Women","World","2024","False","2024-10-24","2024-10-27"
"165","South and Central American Championship","World","2022","False","2022-01-25","2022-01-29"
"165","South and Central American Championship","World","2020","False","2020-01-21","2020-01-25"
"165","South and Central American Championship","World","2024","False","2024-01-16","2024-01-20"
"165","South and Central American Championship","World","2026","False","2026-01-19","2026-01-24"
"166","South and Central American Championship Women","World","2025","False","2024-11-26","2024-11-30"
"166","South and Central American Championship Women","World","2021","False","2021-10-05","2021-10-09"
"166","South and Central American Championship Women","World","2022","False","2022-11-15","2022-11-19"
"163","Super Globe","World","2022","False","2022-10-18","2022-10-23"
"163","Super Globe","World","2014","False","2014-09-07","2014-09-12"
"163","Super Globe","World","2021","False","2021-10-05","2021-10-09"
"163","Super Globe","World","2023","False","2023-11-07","2023-11-12"
"163","Super Globe","World","2015","False","2015-09-07","2015-09-10"
"163","Super Globe","World","2017","False","2017-08-25","2017-08-28"
"163","Super Globe","World","2018","False","2018-10-16","2018-10-19"
"163","Super Globe","World","2016","False","2016-09-05","2016-09-08"
"164","Super Globe Women","World","2019","False","2019-08-01","2019-08-04"
"153","World Championship","World","2023","False","2021-11-03","2025-02-02"
"153","World Championship","World","2025","True","2025-10-29","2027-01-19"
"158","World Championship U18 Women","World","2014","False","2014-07-20","2014-08-03"
"158","World Championship U18 Women","World","2012","False","2012-08-16","2012-08-26"
"158","World Championship U18 Women","World","2016","False","2016-07-19","2016-07-31"
"158","World Championship U18 Women","World","2018","False","2018-08-07","2018-08-19"
"158","World Championship U18 Women","World","2022","False","2022-07-30","2022-08-10"
"158","World Championship U18 Women","World","2024","False","2024-08-14","2024-08-25"
"158","World Championship U18 Women","World","2026","False","2026-07-29","2026-08-09"
"162","World Championship U19","World","2013","False","2013-08-09","2013-08-23"
"162","World Championship U19","World","2023","False","2023-08-02","2023-08-13"
"162","World Championship U19","World","2015","False","2015-08-07","2015-08-20"
"162","World Championship U19","World","2017","False","2017-08-08","2017-08-20"
"162","World Championship U19","World","2019","False","2019-08-06","2019-08-18"
"162","World Championship U19","World","2025","False","2025-08-06","2025-08-17"
"157","World Championship U20 Women","World","2023","False","2023-11-21","2024-06-30"
"157","World Championship U20 Women","World","2014","False","2014-06-28","2014-07-13"
"157","World Championship U20 Women","World","2022","False","2021-11-26","2022-07-03"
"157","World Championship U20 Women","World","2018","False","2018-03-23","2018-07-14"
"157","World Championship U20 Women","World","2012","False","2012-07-01","2012-07-14"
"157","World Championship U20 Women","World","2016","False","2016-03-18","2016-07-15"
"157","World Championship U20 Women","World","2026","False","2026-06-24","2026-07-05"
"159","World Championship U21","World","2013","False","2013-01-04","2013-07-28"
"159","World Championship U21","World","2017","False","2017-01-04","2017-07-30"
"159","World Championship U21","World","2019","False","2019-07-16","2019-07-28"
"159","World Championship U21","World","2022","False","2022-01-14","2022-01-21"
"159","World Championship U21","World","2025","False","2025-06-18","2025-06-29"
"159","World Championship U21","World","2015","False","2015-01-09","2015-08-01"
"159","World Championship U21","World","2023","False","2023-06-20","2023-07-02"
"154","World Championship Women","World","2022","False","2022-11-01","2023-12-17"
"154","World Championship Women","World","2013","False","2012-10-03","2013-12-22"
"154","World Championship Women","World","2011","False","2011-06-03","2011-12-18"
"154","World Championship Women","World","2017","False","2016-11-25","2017-12-17"
"154","World Championship Women","World","2019","False","2018-11-23","2019-06-06"
"154","World Championship Women","World","2021","False","2021-03-19","2021-12-19"
"154","World Championship Women","World","2024","False","2024-10-24","2025-12-14"
"154","World Championship Women","World","2009","False","2008-11-25","2009-12-20"
"154","World Championship Women","World","2015","False","2014-10-09","2015-12-20"
"154","World Championship Women","World","2026","False","2026-10-21","2026-10-24"
