{
  "rows_total": 27598,
  "rows_train": 23955,
  "rows_test": 3643,
  "cutoff": "2025-02-12 00:00:00",
  "test_days": 365,
  "min_kickoff": null,
  "classes": [
    -1,
    0,
    1
  ],
  "best_C": 0.3,
  "accuracy": 0.45923689267087564,
  "balanced_accuracy": 0.4254478126299602,
  "macro_f1": 0.4240867630460549,
  "logloss": 1.0395336052378357,
  "confusion_matrix": [
    [
      400,
      325,
      437
    ],
    [
      187,
      260,
      478
    ],
    [
      206,
      337,
      1013
    ]
  ]
}