{
  "rows_total": 85857,
  "rows_train": 71912,
  "rows_test": 13945,
  "cutoff": "2025-03-04 00:30:00",
  "test_days": 365,
  "min_kickoff": null,
  "classes": [
    -1,
    0,
    1
  ],
  "best_C": 0.1,
  "best_draw_weight": 1.0,
  "accuracy": 0.5036213696665471,
  "balanced_accuracy": 0.4266728024127387,
  "macro_f1": 0.37088334290585073,
  "logloss": 1.0089273860547383,
  "draw_precision": 0.18518518518518517,
  "draw_recall": 0.0029515938606847697,
  "draw_f1": 0.005810575246949448,
  "confusion_matrix": [
    [
      2119,
      25,
      2285
    ],
    [
      1055,
      10,
      2323
    ],
    [
      1215,
      19,
      4894
    ]
  ],
  "sklearn_version": "1.8.0",
  "dataset_view": "ml_match_dataset_v2"
}