{
  "rows_total": 27598,
  "rows_train": 23955,
  "rows_test": 3643,
  "cutoff": "2025-02-12 00:00:00",
  "test_days": 365,
  "min_kickoff": null,
  "classes": [
    -1,
    0,
    1
  ],
  "accuracy": 0.4886082898709854,
  "logloss": 1.0213291871153456,
  "confusion_matrix": [
    [
      552,
      0,
      610
    ],
    [
      280,
      1,
      644
    ],
    [
      329,
      0,
      1227
    ]
  ]
}