{
  "rows_total": 27598,
  "rows_train": 23955,
  "rows_test": 3643,
  "cutoff": "2025-02-12 00:00:00",
  "test_days": 365,
  "min_kickoff": null,
  "classes": [
    -1,
    0,
    1
  ],
  "best_C": 0.1,
  "best_draw_weight": 1.0,
  "accuracy": 0.4891572879494922,
  "balanced_accuracy": 0.42206259345727243,
  "macro_f1": 0.3621955773527252,
  "logloss": 1.021465033937897,
  "draw_precision": 1.0,
  "draw_recall": 0.001081081081081081,
  "draw_f1": 0.0021598272138228943,
  "confusion_matrix": [
    [
      553,
      0,
      609
    ],
    [
      281,
      1,
      643
    ],
    [
      328,
      0,
      1228
    ]
  ],
  "sklearn_version": "1.8.0",
  "dataset_view": "ml_match_dataset_v2"
}